drugName,year_quarter,median_rating,review_count,dominant_stage
Acamprosate,2008-Q1,7.0,2,CAMPRAL_LONG_TERM_SUCCESS
Acamprosate,2008-Q2,8.0,2,CAMPRAL_LONG_TERM_SUCCESS
Acamprosate,2008-Q3,10.0,2,CAMPRAL_LONG_TERM_SUCCESS
Acamprosate,2008-Q4,9.0,1,SUBOXONE_LONG_TERM_SUCCESS
Acamprosate,2009-Q1,9.5,2,CAMPRAL_LONG_TERM_SUCCESS
Acamprosate,2009-Q2,10.0,3,CAMPRAL_LONG_TERM_SUCCESS
Acamprosate,2009-Q3,9.5,2,CAMPRAL_LONG_TERM_SUCCESS
Acamprosate,2009-Q4,9.0,6,CAMPRAL_LONG_TERM_SUCCESS
Acamprosate,2010-Q1,7.5,2,CAMPRAL_LONG_TERM_SUCCESS
Acamprosate,2010-Q2,9.5,2,CAMPRAL_LONG_TERM_SUCCESS
Acamprosate,2010-Q3,9.0,6,CAMPRAL_LONG_TERM_SUCCESS
Acamprosate,2010-Q4,10.0,1,CAMPRAL_LONG_TERM_SUCCESS
Acamprosate,2011-Q1,5.5,2,CAMPRAL_LONG_TERM_SUCCESS
Acamprosate,2011-Q2,9.5,2,CAMPRAL_LONG_TERM_SUCCESS
Acamprosate,2011-Q3,10.0,3,CAMPRAL_LONG_TERM_SUCCESS
Acamprosate,2011-Q4,8.0,5,CAMPRAL_LONG_TERM_SUCCESS
Acamprosate,2012-Q1,10.0,2,CAMPRAL_LONG_TERM_SUCCESS
Acamprosate,2012-Q3,9.0,1,SUBOXONE_LONG_TERM_SUCCESS
Acamprosate,2013-Q1,9.5,4,CAMPRAL_LONG_TERM_SUCCESS
Acamprosate,2013-Q2,8.5,2,CAMPRAL_LONG_TERM_SUCCESS
Acamprosate,2013-Q3,10.0,3,CAMPRAL_LONG_TERM_SUCCESS
Acamprosate,2013-Q4,10.0,5,CAMPRAL_LONG_TERM_SUCCESS
Acamprosate,2014-Q1,8.0,4,CAMPRAL_LONG_TERM_SUCCESS
Acamprosate,2014-Q2,9.0,1,CAMPRAL_LONG_TERM_SUCCESS
Acamprosate,2014-Q3,10.0,1,CAMPRAL_LONG_TERM_SUCCESS
Acamprosate,2014-Q4,9.5,8,CAMPRAL_LONG_TERM_SUCCESS
Acamprosate,2015-Q1,10.0,5,CAMPRAL_LONG_TERM_SUCCESS
Acamprosate,2015-Q2,10.0,9,CAMPRAL_LONG_TERM_SUCCESS
Acamprosate,2015-Q3,10.0,3,CAMPRAL_LONG_TERM_SUCCESS
Acamprosate,2015-Q4,10.0,6,CAMPRAL_LONG_TERM_SUCCESS
Acamprosate,2016-Q1,1.0,1,LIBRIUM_ALCOHOL_WITHDRAWAL_DETOX
Acamprosate,2016-Q2,10.0,8,CAMPRAL_LONG_TERM_SUCCESS
Acamprosate,2016-Q3,10.0,7,CAMPRAL_LONG_TERM_SUCCESS
Acamprosate,2016-Q4,8.0,9,CAMPRAL_LONG_TERM_SUCCESS
Acamprosate,2017-Q1,10.0,4,CAMPRAL_LONG_TERM_SUCCESS
Acamprosate,2017-Q2,9.5,8,CAMPRAL_LONG_TERM_SUCCESS
Acamprosate,2017-Q3,9.0,6,CAMPRAL_LONG_TERM_SUCCESS
Acamprosate,2017-Q4,10.0,3,CAMPRAL_LONG_TERM_SUCCESS
Antabuse,2008-Q2,8.0,3,CAMPRAL_LONG_TERM_SUCCESS
Antabuse,2008-Q3,9.0,1,SUBOXONE_LONG_TERM_SUCCESS
Antabuse,2009-Q2,10.0,2,CAMPRAL_LONG_TERM_SUCCESS
Antabuse,2009-Q3,9.0,1,CAMPRAL_LONG_TERM_SUCCESS
Antabuse,2009-Q4,9.0,1,LIBRIUM_ALCOHOL_WITHDRAWAL_DETOX
Antabuse,2010-Q2,10.0,1,CAMPRAL_LONG_TERM_SUCCESS
Antabuse,2011-Q1,10.0,1,CAMPRAL_LONG_TERM_SUCCESS
Antabuse,2011-Q3,10.0,1,CAMPRAL_LONG_TERM_SUCCESS
Antabuse,2011-Q4,8.0,3,CAMPRAL_LONG_TERM_SUCCESS
Antabuse,2012-Q1,9.5,2,CAMPRAL_LONG_TERM_SUCCESS
Antabuse,2012-Q2,9.0,1,CAMPRAL_LONG_TERM_SUCCESS
Antabuse,2012-Q3,9.0,1,CAMPRAL_LONG_TERM_SUCCESS
Antabuse,2013-Q2,10.0,1,CAMPRAL_LONG_TERM_SUCCESS
Antabuse,2013-Q3,10.0,1,CAMPRAL_LONG_TERM_SUCCESS
Antabuse,2013-Q4,10.0,1,CAMPRAL_LONG_TERM_SUCCESS
Antabuse,2014-Q1,10.0,1,CAMPRAL_LONG_TERM_SUCCESS
Antabuse,2014-Q2,10.0,1,CAMPRAL_LONG_TERM_SUCCESS
Antabuse,2014-Q3,10.0,1,CAMPRAL_LONG_TERM_SUCCESS
Antabuse,2014-Q4,9.5,2,CAMPRAL_LONG_TERM_SUCCESS
Antabuse,2015-Q1,10.0,2,CAMPRAL_LONG_TERM_SUCCESS
Antabuse,2015-Q3,8.5,2,CAMPRAL_LONG_TERM_SUCCESS
Antabuse,2015-Q4,10.0,4,CAMPRAL_LONG_TERM_SUCCESS
Antabuse,2016-Q1,10.0,3,CAMPRAL_LONG_TERM_SUCCESS
Antabuse,2016-Q3,3.0,3,CAMPRAL_LONG_TERM_SUCCESS
Antabuse,2016-Q4,9.5,2,CAMPRAL_LONG_TERM_SUCCESS
Antabuse,2017-Q1,9.5,2,CAMPRAL_LONG_TERM_SUCCESS
Antabuse,2017-Q2,10.0,5,CAMPRAL_LONG_TERM_SUCCESS
Atenolol,2008-Q3,7.0,1,SUBOXONE_LONG_TERM_SUCCESS
Baclofen,2009-Q3,7.0,1,CAMPRAL_LONG_TERM_SUCCESS
Baclofen,2010-Q1,8.0,1,SUBOXONE_LONG_TERM_SUCCESS
Baclofen,2010-Q4,8.5,2,CAMPRAL_LONG_TERM_SUCCESS
Baclofen,2011-Q4,10.0,2,CAMPRAL_LONG_TERM_SUCCESS
Baclofen,2012-Q1,10.0,1,CAMPRAL_LONG_TERM_SUCCESS
Baclofen,2012-Q4,10.0,1,NOISE
Baclofen,2013-Q2,10.0,1,NOISE
Baclofen,2013-Q3,8.5,2,CAMPRAL_LONG_TERM_SUCCESS
Baclofen,2014-Q2,10.0,1,NOISE
Baclofen,2014-Q4,10.0,3,NOISE
Baclofen,2015-Q1,10.0,3,CAMPRAL_LONG_TERM_SUCCESS
Baclofen,2015-Q2,10.0,1,NOISE
Baclofen,2015-Q3,9.5,4,CAMPRAL_LONG_TERM_SUCCESS
Baclofen,2015-Q4,10.0,4,NOISE
Baclofen,2016-Q1,10.0,5,NOISE
Baclofen,2016-Q2,10.0,3,NOISE
Baclofen,2016-Q3,8.5,2,NOISE
Baclofen,2016-Q4,9.0,5,NOISE
Baclofen,2017-Q1,9.5,2,CAMPRAL_LONG_TERM_SUCCESS
Baclofen,2017-Q2,10.0,5,NOISE
Baclofen,2017-Q3,9.0,5,NOISE
Bunavail,2014-Q4,9.5,2,SUBOXONE_LONG_TERM_SUCCESS
Bunavail,2015-Q1,10.0,2,SUBOXONE_LONG_TERM_SUCCESS
Bunavail,2015-Q2,9.0,1,SUBOXONE_LONG_TERM_SUCCESS
Bunavail,2015-Q3,9.0,1,SUBOXONE_LONG_TERM_SUCCESS
Bunavail,2015-Q4,2.0,8,SUBOXONE_LONG_TERM_SUCCESS
Bunavail,2016-Q1,5.0,2,SUBOXONE_LONG_TERM_SUCCESS
Bunavail,2016-Q2,3.5,6,SUBOXONE_LONG_TERM_SUCCESS
Bunavail,2016-Q3,10.0,5,SUBOXONE_LONG_TERM_SUCCESS
Bunavail,2016-Q4,5.0,4,SUBOXONE_LONG_TERM_SUCCESS
Bunavail,2017-Q1,8.0,5,SUBOXONE_LONG_TERM_SUCCESS
Bunavail,2017-Q2,3.5,4,SUBOXONE_LONG_TERM_SUCCESS
Bunavail,2017-Q3,10.0,4,SUBOXONE_LONG_TERM_SUCCESS
Buprenorphine,2008-Q1,8.0,1,SUBOXONE_LONG_TERM_SUCCESS
Buprenorphine,2008-Q2,9.0,4,SUBOXONE_LONG_TERM_SUCCESS
Buprenorphine,2008-Q3,9.5,2,SUBOXONE_LONG_TERM_SUCCESS
Buprenorphine,2008-Q4,10.0,1,SUBOXONE_LONG_TERM_SUCCESS
Buprenorphine,2009-Q1,10.0,1,SUBOXONE_LONG_TERM_SUCCESS
Buprenorphine,2009-Q2,10.0,3,SUBOXONE_LONG_TERM_SUCCESS
Buprenorphine,2009-Q3,9.0,3,SUBOXONE_LONG_TERM_SUCCESS
Buprenorphine,2009-Q4,10.0,6,SUBOXONE_LONG_TERM_SUCCESS
Buprenorphine,2010-Q1,9.0,2,SUBOXONE_LONG_TERM_SUCCESS
Buprenorphine,2010-Q2,10.0,6,SUBOXONE_LONG_TERM_SUCCESS
Buprenorphine,2010-Q3,10.0,4,SUBOXONE_LONG_TERM_SUCCESS
Buprenorphine,2010-Q4,10.0,1,SUBOXONE_LONG_TERM_SUCCESS
Buprenorphine,2011-Q1,9.5,6,SUBOXONE_LONG_TERM_SUCCESS
Buprenorphine,2011-Q2,8.0,11,SUBOXONE_LONG_TERM_SUCCESS
Buprenorphine,2011-Q3,8.5,16,SUBOXONE_LONG_TERM_SUCCESS
Buprenorphine,2011-Q4,9.0,8,SUBOXONE_LONG_TERM_SUCCESS
Buprenorphine,2012-Q1,9.0,7,SUBOXONE_LONG_TERM_SUCCESS
Buprenorphine,2012-Q2,10.0,7,SUBOXONE_LONG_TERM_SUCCESS
Buprenorphine,2012-Q3,8.0,1,SUBOXONE_LONG_TERM_SUCCESS
Buprenorphine,2012-Q4,9.0,8,SUBOXONE_LONG_TERM_SUCCESS
Buprenorphine,2013-Q1,10.0,8,SUBOXONE_LONG_TERM_SUCCESS
Buprenorphine,2013-Q2,9.0,10,SUBOXONE_LONG_TERM_SUCCESS
Buprenorphine,2013-Q3,9.0,8,SUBOXONE_LONG_TERM_SUCCESS
Buprenorphine,2013-Q4,9.0,6,SUBOXONE_LONG_TERM_SUCCESS
Buprenorphine,2014-Q1,10.0,7,SUBOXONE_LONG_TERM_SUCCESS
Buprenorphine,2014-Q2,8.5,4,SUBOXONE_LONG_TERM_SUCCESS
Buprenorphine,2014-Q3,9.5,6,SUBOXONE_LONG_TERM_SUCCESS
Buprenorphine,2014-Q4,10.0,9,SUBOXONE_LONG_TERM_SUCCESS
Buprenorphine,2015-Q1,10.0,9,SUBOXONE_LONG_TERM_SUCCESS
Buprenorphine,2015-Q2,10.0,9,SUBOXONE_LONG_TERM_SUCCESS
Buprenorphine,2015-Q3,7.0,18,SUBOXONE_LONG_TERM_SUCCESS
Buprenorphine,2015-Q4,7.0,13,SUBOXONE_LONG_TERM_SUCCESS
Buprenorphine,2016-Q1,8.0,23,SUBOXONE_LONG_TERM_SUCCESS
Buprenorphine,2016-Q2,5.0,28,SUBOXONE_LONG_TERM_SUCCESS
Buprenorphine,2016-Q3,4.0,27,SUBOXONE_LONG_TERM_SUCCESS
Buprenorphine,2016-Q4,4.0,14,SUBOXONE_LONG_TERM_SUCCESS
Buprenorphine,2017-Q1,8.0,26,SUBOXONE_LONG_TERM_SUCCESS
Buprenorphine,2017-Q2,5.0,18,SUBOXONE_LONG_TERM_SUCCESS
Buprenorphine,2017-Q3,4.0,14,SUBOXONE_LONG_TERM_SUCCESS
Buprenorphine,2017-Q4,7.0,10,SUBOXONE_LONG_TERM_SUCCESS
Buprenorphine / naloxone,2008-Q1,10.0,8,SUBOXONE_LONG_TERM_SUCCESS
Buprenorphine / naloxone,2008-Q2,10.0,15,SUBOXONE_LONG_TERM_SUCCESS
Buprenorphine / naloxone,2008-Q3,10.0,14,SUBOXONE_LONG_TERM_SUCCESS
Buprenorphine / naloxone,2008-Q4,9.0,14,SUBOXONE_LONG_TERM_SUCCESS
Buprenorphine / naloxone,2009-Q1,10.0,28,SUBOXONE_LONG_TERM_SUCCESS
Buprenorphine / naloxone,2009-Q2,10.0,22,SUBOXONE_LONG_TERM_SUCCESS
Buprenorphine / naloxone,2009-Q3,10.0,37,SUBOXONE_LONG_TERM_SUCCESS
Buprenorphine / naloxone,2009-Q4,10.0,25,SUBOXONE_LONG_TERM_SUCCESS
Buprenorphine / naloxone,2010-Q1,10.0,17,SUBOXONE_LONG_TERM_SUCCESS
Buprenorphine / naloxone,2010-Q2,10.0,13,SUBOXONE_LONG_TERM_SUCCESS
Buprenorphine / naloxone,2010-Q3,10.0,13,SUBOXONE_LONG_TERM_SUCCESS
Buprenorphine / naloxone,2010-Q4,10.0,18,SUBOXONE_LONG_TERM_SUCCESS
Buprenorphine / naloxone,2011-Q1,10.0,16,SUBOXONE_LONG_TERM_SUCCESS
Buprenorphine / naloxone,2011-Q2,10.0,9,SUBOXONE_LONG_TERM_SUCCESS
Buprenorphine / naloxone,2011-Q3,9.5,10,SUBOXONE_LONG_TERM_SUCCESS
Buprenorphine / naloxone,2011-Q4,10.0,8,SUBOXONE_LONG_TERM_SUCCESS
Buprenorphine / naloxone,2012-Q1,10.0,3,SUBOXONE_LONG_TERM_SUCCESS
Buprenorphine / naloxone,2012-Q2,9.0,7,SUBOXONE_LONG_TERM_SUCCESS
Buprenorphine / naloxone,2012-Q3,10.0,10,SUBOXONE_LONG_TERM_SUCCESS
Buprenorphine / naloxone,2012-Q4,10.0,5,SUBOXONE_LONG_TERM_SUCCESS
Buprenorphine / naloxone,2013-Q1,10.0,10,SUBOXONE_LONG_TERM_SUCCESS
Buprenorphine / naloxone,2013-Q2,9.5,12,SUBOXONE_LONG_TERM_SUCCESS
Buprenorphine / naloxone,2013-Q3,10.0,11,SUBOXONE_LONG_TERM_SUCCESS
Buprenorphine / naloxone,2013-Q4,9.5,10,SUBOXONE_LONG_TERM_SUCCESS
Buprenorphine / naloxone,2014-Q1,10.0,11,SUBOXONE_LONG_TERM_SUCCESS
Buprenorphine / naloxone,2014-Q2,10.0,13,SUBOXONE_LONG_TERM_SUCCESS
Buprenorphine / naloxone,2014-Q3,10.0,9,SUBOXONE_LONG_TERM_SUCCESS
Buprenorphine / naloxone,2014-Q4,10.0,17,SUBOXONE_LONG_TERM_SUCCESS
Buprenorphine / naloxone,2015-Q1,10.0,13,SUBOXONE_LONG_TERM_SUCCESS
Buprenorphine / naloxone,2015-Q2,9.0,20,SUBOXONE_LONG_TERM_SUCCESS
Buprenorphine / naloxone,2015-Q3,10.0,14,SUBOXONE_LONG_TERM_SUCCESS
Buprenorphine / naloxone,2015-Q4,3.5,18,SUBOXONE_LONG_TERM_SUCCESS
Buprenorphine / naloxone,2016-Q1,9.0,25,SUBOXONE_LONG_TERM_SUCCESS
Buprenorphine / naloxone,2016-Q2,5.5,22,SUBOXONE_LONG_TERM_SUCCESS
Buprenorphine / naloxone,2016-Q3,9.0,19,SUBOXONE_LONG_TERM_SUCCESS
Buprenorphine / naloxone,2016-Q4,9.0,21,SUBOXONE_LONG_TERM_SUCCESS
Buprenorphine / naloxone,2017-Q1,8.0,27,SUBOXONE_LONG_TERM_SUCCESS
Buprenorphine / naloxone,2017-Q2,6.5,26,SUBOXONE_LONG_TERM_SUCCESS
Buprenorphine / naloxone,2017-Q3,9.0,11,SUBOXONE_LONG_TERM_SUCCESS
Buprenorphine / naloxone,2017-Q4,9.5,6,SUBOXONE_LONG_TERM_SUCCESS
Buproban,2011-Q4,9.5,2,CHANTIX_QUICK_SUCCESS_STABLE
Buproban,2013-Q1,8.0,1,SUBOXONE_LONG_TERM_SUCCESS
Buproban,2016-Q2,1.0,1,SUBOXONE_LONG_TERM_SUCCESS
Bupropion,2008-Q2,8.0,1,CHANTIX_QUICK_SUCCESS_3
Bupropion,2008-Q3,9.0,1,ZYBAN_QUICK_SUCCESS
Bupropion,2009-Q1,9.0,1,CHANTIX_QUICK_SUCCESS_STABLE
Bupropion,2009-Q2,7.0,4,CHANTIX_QUICK_SUCCESS_STABLE
Bupropion,2009-Q3,6.0,4,CHANTIX_QUICK_SUCCESS_STABLE
Bupropion,2009-Q4,10.0,1,CHANTIX_QUICK_SUCCESS_STABLE
Bupropion,2010-Q2,10.0,1,CHANTIX_QUICK_SUCCESS_STABLE
Bupropion,2010-Q3,8.0,3,CHANTIX_QUICK_SUCCESS_STABLE
Bupropion,2010-Q4,7.0,2,CHANTIX_QUICK_SUCCESS_STABLE
Bupropion,2011-Q1,10.0,3,CHANTIX_QUICK_SUCCESS_STABLE
Bupropion,2011-Q2,1.0,1,SUBOXONE_LONG_TERM_SUCCESS
Bupropion,2011-Q3,9.0,2,CHANTIX_QUICK_SUCCESS_STABLE
Bupropion,2011-Q4,9.5,4,CHANTIX_QUICK_SUCCESS_STABLE
Bupropion,2012-Q1,10.0,3,ZYBAN_QUICK_SUCCESS
Bupropion,2012-Q2,8.0,5,CHANTIX_QUICK_SUCCESS_STABLE
Bupropion,2012-Q3,7.0,1,CHANTIX_QUICK_SUCCESS_STABLE
Bupropion,2012-Q4,10.0,1,CHANTIX_QUICK_SUCCESS_STABLE
Bupropion,2013-Q1,10.0,3,CHANTIX_QUICK_SUCCESS_2
Bupropion,2013-Q2,9.0,1,CHANTIX_QUICK_SUCCESS_STABLE
Bupropion,2013-Q3,10.0,3,CHANTIX_QUICK_SUCCESS_STABLE
Bupropion,2013-Q4,10.0,3,CHANTIX_QUICK_SUCCESS_STABLE
Bupropion,2014-Q1,10.0,1,ZYBAN_QUICK_SUCCESS
Bupropion,2014-Q2,7.5,2,CHANTIX_LONG_TERM_SUCCESS
Bupropion,2014-Q3,10.0,6,ZYBAN_QUICK_SUCCESS
Bupropion,2014-Q4,10.0,5,ZYBAN_QUICK_SUCCESS
Bupropion,2015-Q1,10.0,5,CHANTIX_QUICK_SUCCESS_STABLE
Bupropion,2015-Q2,10.0,11,CHANTIX_QUICK_SUCCESS_STABLE
Bupropion,2015-Q3,9.5,8,CHANTIX_QUICK_SUCCESS_STABLE
Bupropion,2015-Q4,10.0,11,CHANTIX_QUICK_SUCCESS_STABLE
Bupropion,2016-Q1,9.5,18,CHANTIX_QUICK_SUCCESS_STABLE
Bupropion,2016-Q2,10.0,15,CHANTIX_QUICK_SUCCESS_STABLE
Bupropion,2016-Q3,9.5,14,CHANTIX_QUICK_SUCCESS_STABLE
Bupropion,2016-Q4,9.0,17,CHANTIX_QUICK_SUCCESS_STABLE
Bupropion,2017-Q1,10.0,17,ZYBAN_QUICK_SUCCESS
Bupropion,2017-Q2,9.0,8,CHANTIX_QUICK_SUCCESS_STABLE
Bupropion,2017-Q3,10.0,6,CHANTIX_QUICK_SUCCESS_STABLE
Bupropion,2017-Q4,5.0,7,ZYBAN_QUICK_SUCCESS
Bupropion / naltrexone,2014-Q4,7.0,8,SUBOXONE_LONG_TERM_SUCCESS
Bupropion / naltrexone,2015-Q1,8.0,71,SUBOXONE_LONG_TERM_SUCCESS
Bupropion / naltrexone,2015-Q2,9.0,117,SUBOXONE_LONG_TERM_SUCCESS
Bupropion / naltrexone,2015-Q3,8.0,133,SUBOXONE_LONG_TERM_SUCCESS
Bupropion / naltrexone,2015-Q4,9.0,131,SUBOXONE_LONG_TERM_SUCCESS
Bupropion / naltrexone,2016-Q1,8.0,117,SUBOXONE_LONG_TERM_SUCCESS
Bupropion / naltrexone,2016-Q2,8.0,85,SUBOXONE_LONG_TERM_SUCCESS
Bupropion / naltrexone,2016-Q3,9.0,78,SUBOXONE_LONG_TERM_SUCCESS
Bupropion / naltrexone,2016-Q4,7.5,54,SUBOXONE_LONG_TERM_SUCCESS
Bupropion / naltrexone,2017-Q1,7.0,160,SUBOXONE_LONG_TERM_SUCCESS
Bupropion / naltrexone,2017-Q2,7.0,158,SUBOXONE_LONG_TERM_SUCCESS
Bupropion / naltrexone,2017-Q3,7.0,79,SUBOXONE_LONG_TERM_SUCCESS
Bupropion / naltrexone,2017-Q4,8.5,58,SUBOXONE_LONG_TERM_SUCCESS
Campral,2008-Q1,7.0,2,CAMPRAL_LONG_TERM_SUCCESS
Campral,2008-Q2,8.0,2,CAMPRAL_LONG_TERM_SUCCESS
Campral,2008-Q3,10.0,2,CAMPRAL_LONG_TERM_SUCCESS
Campral,2008-Q4,9.0,1,SUBOXONE_LONG_TERM_SUCCESS
Campral,2009-Q1,9.5,2,CAMPRAL_LONG_TERM_SUCCESS
Campral,2009-Q2,10.0,3,CAMPRAL_LONG_TERM_SUCCESS
Campral,2009-Q3,9.5,2,CAMPRAL_LONG_TERM_SUCCESS
Campral,2009-Q4,9.0,6,CAMPRAL_LONG_TERM_SUCCESS
Campral,2010-Q1,7.5,2,CAMPRAL_LONG_TERM_SUCCESS
Campral,2010-Q2,9.5,2,CAMPRAL_LONG_TERM_SUCCESS
Campral,2010-Q3,9.0,6,CAMPRAL_LONG_TERM_SUCCESS
Campral,2010-Q4,10.0,1,CAMPRAL_LONG_TERM_SUCCESS
Campral,2011-Q1,5.5,2,CAMPRAL_LONG_TERM_SUCCESS
Campral,2011-Q2,9.5,2,CAMPRAL_LONG_TERM_SUCCESS
Campral,2011-Q3,10.0,3,CAMPRAL_LONG_TERM_SUCCESS
Campral,2011-Q4,8.0,4,CAMPRAL_LONG_TERM_SUCCESS
Campral,2012-Q1,10.0,2,CAMPRAL_LONG_TERM_SUCCESS
Campral,2012-Q3,9.0,1,SUBOXONE_LONG_TERM_SUCCESS
Campral,2013-Q1,9.5,4,CAMPRAL_LONG_TERM_SUCCESS
Campral,2013-Q2,8.5,2,CAMPRAL_LONG_TERM_SUCCESS
Campral,2013-Q3,10.0,3,CAMPRAL_LONG_TERM_SUCCESS
Campral,2013-Q4,10.0,4,CAMPRAL_LONG_TERM_SUCCESS
Campral,2014-Q1,8.0,4,CAMPRAL_LONG_TERM_SUCCESS
Campral,2014-Q2,9.0,1,CAMPRAL_LONG_TERM_SUCCESS
Campral,2014-Q3,10.0,1,CAMPRAL_LONG_TERM_SUCCESS
Campral,2014-Q4,9.5,6,CAMPRAL_LONG_TERM_SUCCESS
Campral,2015-Q1,8.0,4,CAMPRAL_LONG_TERM_SUCCESS
Campral,2015-Q2,10.0,7,CAMPRAL_LONG_TERM_SUCCESS
Campral,2015-Q3,10.0,3,CAMPRAL_LONG_TERM_SUCCESS
Campral,2015-Q4,10.0,4,CAMPRAL_LONG_TERM_SUCCESS
Campral,2016-Q1,1.0,1,LIBRIUM_ALCOHOL_WITHDRAWAL_DETOX
Campral,2016-Q2,10.0,5,CAMPRAL_LONG_TERM_SUCCESS
Campral,2016-Q3,10.0,6,CAMPRAL_LONG_TERM_SUCCESS
Campral,2016-Q4,8.5,6,CAMPRAL_LONG_TERM_SUCCESS
Campral,2017-Q1,9.5,2,CAMPRAL_LONG_TERM_SUCCESS
Campral,2017-Q2,10.0,7,CAMPRAL_LONG_TERM_SUCCESS
Campral,2017-Q3,9.5,4,CAMPRAL_LONG_TERM_SUCCESS
Campral,2017-Q4,10.0,3,CAMPRAL_LONG_TERM_SUCCESS
Catapres,2008-Q1,7.0,1,CAMPRAL_LONG_TERM_SUCCESS
Catapres,2008-Q2,7.5,2,CAMPRAL_LONG_TERM_SUCCESS
Catapres,2008-Q3,10.0,1,SUBOXONE_LONG_TERM_SUCCESS
Catapres,2009-Q2,7.0,1,SUBOXONE_LONG_TERM_SUCCESS
Catapres,2010-Q1,9.0,1,SUBOXONE_LONG_TERM_SUCCESS
Catapres,2010-Q2,7.0,1,SUBOXONE_LONG_TERM_SUCCESS
Catapres,2011-Q1,9.5,2,SUBOXONE_LONG_TERM_SUCCESS
Catapres,2011-Q2,7.0,1,SUBOXONE_LONG_TERM_SUCCESS
Catapres,2011-Q3,8.0,1,SUBOXONE_LONG_TERM_SUCCESS
Catapres,2011-Q4,9.0,2,SUBOXONE_LONG_TERM_SUCCESS
Catapres,2012-Q2,7.0,1,SUBOXONE_LONG_TERM_SUCCESS
Catapres,2012-Q4,10.0,1,SUBOXONE_LONG_TERM_SUCCESS
Catapres,2013-Q1,9.5,2,SUBOXONE_LONG_TERM_SUCCESS
Catapres,2013-Q2,10.0,1,SUBOXONE_LONG_TERM_SUCCESS
Catapres,2013-Q4,8.0,1,SUBOXONE_LONG_TERM_SUCCESS
Catapres,2014-Q1,10.0,1,SUBOXONE_LONG_TERM_SUCCESS
Catapres,2014-Q4,10.0,1,SUBOXONE_LONG_TERM_SUCCESS
Catapres,2015-Q2,8.0,2,SUBOXONE_LONG_TERM_SUCCESS
Catapres,2015-Q3,1.0,1,SUBOXONE_LONG_TERM_SUCCESS
Catapres,2015-Q4,10.0,1,SUBOXONE_LONG_TERM_SUCCESS
Catapres,2016-Q1,7.0,1,SUBOXONE_LONG_TERM_SUCCESS
Catapres-TTS,2008-Q3,10.0,1,SUBOXONE_LONG_TERM_SUCCESS
Catapres-TTS,2009-Q3,5.0,1,SUBOXONE_LONG_TERM_SUCCESS
Catapres-TTS,2017-Q2,10.0,1,SUBOXONE_LONG_TERM_SUCCESS
Chantix,2008-Q1,9.0,7,CHANTIX_QUICK_SUCCESS_3
Chantix,2008-Q2,9.0,8,CHANTIX_LONG_TERM_SUCCESS
Chantix,2008-Q3,10.0,9,CHANTIX_QUICK_SUCCESS_3
Chantix,2008-Q4,10.0,11,CHANTIX_LONG_TERM_SUCCESS
Chantix,2009-Q1,9.0,20,CHANTIX_QUICK_SUCCESS_3
Chantix,2009-Q2,9.0,24,CHANTIX_QUICK_SUCCESS_3
Chantix,2009-Q3,9.0,30,CHANTIX_QUICK_SUCCESS_2
Chantix,2009-Q4,9.0,28,CHANTIX_QUICK_SUCCESS_3
Chantix,2010-Q1,9.0,15,CHANTIX_QUICK_SUCCESS_STABLE
Chantix,2010-Q2,9.0,8,CHANTIX_QUICK_SUCCESS_3
Chantix,2010-Q3,9.0,7,CHANTIX_QUICK_SUCCESS_3
Chantix,2010-Q4,9.0,8,CHANTIX_QUICK_SUCCESS_3
Chantix,2011-Q1,9.0,8,NOISE
Chantix,2011-Q2,10.0,17,CHANTIX_QUICK_SUCCESS_3
Chantix,2011-Q3,9.0,24,CHANTIX_QUICK_SUCCESS_3
Chantix,2011-Q4,9.0,20,CHANTIX_QUICK_SUCCESS_3
Chantix,2012-Q1,10.0,25,CHANTIX_QUICK_SUCCESS_3
Chantix,2012-Q2,10.0,15,CHANTIX_QUICK_SUCCESS_3
Chantix,2012-Q3,10.0,15,CHANTIX_LONG_TERM_SUCCESS
Chantix,2012-Q4,10.0,16,CHANTIX_LONG_TERM_SUCCESS
Chantix,2013-Q1,10.0,18,CHANTIX_QUICK_SUCCESS_3
Chantix,2013-Q2,10.0,15,CHANTIX_LONG_TERM_SUCCESS
Chantix,2013-Q3,10.0,22,CHANTIX_QUICK_SUCCESS_3
Chantix,2013-Q4,10.0,28,CHANTIX_LONG_TERM_SUCCESS
Chantix,2014-Q1,10.0,30,CHANTIX_QUICK_SUCCESS_2
Chantix,2014-Q2,10.0,16,CHANTIX_QUICK_SUCCESS_2
Chantix,2014-Q3,10.0,9,CHANTIX_QUICK_SUCCESS_3
Chantix,2014-Q4,10.0,27,CHANTIX_QUICK_SUCCESS_2
Chantix,2015-Q1,10.0,46,CHANTIX_QUICK_SUCCESS_2
Chantix,2015-Q2,10.0,32,CHANTIX_QUICK_SUCCESS_3
Chantix,2015-Q3,9.5,40,CHANTIX_LONG_TERM_SUCCESS
Chantix,2015-Q4,10.0,44,CHANTIX_QUICK_SUCCESS_2
Chantix,2016-Q1,10.0,55,CHANTIX_QUICK_SUCCESS_2
Chantix,2016-Q2,10.0,28,CHANTIX_QUICK_SUCCESS_3
Chantix,2016-Q3,10.0,30,CHANTIX_QUICK_SUCCESS_STABLE
Chantix,2016-Q4,10.0,30,CHANTIX_LONG_TERM_SUCCESS
Chantix,2017-Q1,10.0,18,CHANTIX_LONG_TERM_SUCCESS
Chantix,2017-Q2,10.0,18,CHANTIX_LONG_TERM_SUCCESS
Chantix,2017-Q3,10.0,26,CHANTIX_QUICK_SUCCESS_2
Chantix,2017-Q4,9.0,15,CHANTIX_LONG_TERM_SUCCESS
Chlordiazepoxide,2008-Q4,10.0,1,CAMPRAL_LONG_TERM_SUCCESS
Chlordiazepoxide,2009-Q3,10.0,1,NOISE
Chlordiazepoxide,2010-Q1,10.0,2,LIBRIUM_ALCOHOL_WITHDRAWAL_DETOX
Chlordiazepoxide,2010-Q3,10.0,1,LIBRIUM_ALCOHOL_WITHDRAWAL_DETOX
Chlordiazepoxide,2011-Q1,9.5,4,LIBRIUM_ALCOHOL_WITHDRAWAL_DETOX
Chlordiazepoxide,2011-Q3,10.0,2,NOISE
Chlordiazepoxide,2011-Q4,10.0,4,CAMPRAL_LONG_TERM_SUCCESS
Chlordiazepoxide,2012-Q1,10.0,3,CAMPRAL_LONG_TERM_SUCCESS
Chlordiazepoxide,2012-Q3,10.0,2,LIBRIUM_ALCOHOL_WITHDRAWAL_DETOX
Chlordiazepoxide,2012-Q4,6.0,1,CAMPRAL_LONG_TERM_SUCCESS
Chlordiazepoxide,2013-Q1,10.0,1,LIBRIUM_ALCOHOL_WITHDRAWAL_DETOX
Chlordiazepoxide,2013-Q2,10.0,2,LIBRIUM_ALCOHOL_WITHDRAWAL_DETOX
Chlordiazepoxide,2013-Q4,10.0,3,LIBRIUM_ALCOHOL_WITHDRAWAL_DETOX
Chlordiazepoxide,2014-Q1,10.0,6,LIBRIUM_ALCOHOL_WITHDRAWAL_DETOX
Chlordiazepoxide,2014-Q2,10.0,2,LIBRIUM_ALCOHOL_WITHDRAWAL_DETOX
Chlordiazepoxide,2014-Q3,10.0,4,LIBRIUM_ALCOHOL_WITHDRAWAL_DETOX
Chlordiazepoxide,2014-Q4,10.0,4,LIBRIUM_ALCOHOL_WITHDRAWAL_DETOX
Chlordiazepoxide,2015-Q1,10.0,2,CAMPRAL_LONG_TERM_SUCCESS
Chlordiazepoxide,2015-Q2,10.0,6,LIBRIUM_ALCOHOL_WITHDRAWAL_DETOX
Chlordiazepoxide,2015-Q3,6.0,2,LIBRIUM_ALCOHOL_WITHDRAWAL_DETOX
Chlordiazepoxide,2015-Q4,9.0,6,LIBRIUM_ALCOHOL_WITHDRAWAL_DETOX
Chlordiazepoxide,2016-Q1,10.0,5,LIBRIUM_ALCOHOL_WITHDRAWAL_DETOX
Chlordiazepoxide,2016-Q2,9.5,4,LIBRIUM_ALCOHOL_WITHDRAWAL_DETOX
Chlordiazepoxide,2016-Q3,10.0,4,LIBRIUM_ALCOHOL_WITHDRAWAL_DETOX
Chlordiazepoxide,2016-Q4,9.5,2,CAMPRAL_LONG_TERM_SUCCESS
Chlordiazepoxide,2017-Q1,9.5,8,LIBRIUM_ALCOHOL_WITHDRAWAL_DETOX
Chlordiazepoxide,2017-Q2,10.0,4,LIBRIUM_ALCOHOL_WITHDRAWAL_DETOX
Chlordiazepoxide,2017-Q3,10.0,3,LIBRIUM_ALCOHOL_WITHDRAWAL_DETOX
Chlordiazepoxide,2017-Q4,9.0,3,LIBRIUM_ALCOHOL_WITHDRAWAL_DETOX
Chlorpromazine,2013-Q1,10.0,1,SUBOXONE_LONG_TERM_SUCCESS
Chlorpromazine,2017-Q2,7.0,1,SUBOXONE_LONG_TERM_SUCCESS
Clonazepam,2008-Q2,9.0,1,SUBOXONE_LONG_TERM_SUCCESS
Clonazepam,2010-Q3,8.0,1,CAMPRAL_LONG_TERM_SUCCESS
Clonazepam,2011-Q1,9.0,1,CAMPRAL_LONG_TERM_SUCCESS
Clonazepam,2011-Q4,6.0,1,SUBOXONE_LONG_TERM_SUCCESS
Clonazepam,2012-Q2,8.0,1,SUBOXONE_LONG_TERM_SUCCESS
Clonazepam,2014-Q1,7.0,1,SUBOXONE_LONG_TERM_SUCCESS
Clonazepam,2014-Q4,9.0,1,SUBOXONE_LONG_TERM_SUCCESS
Clonazepam,2015-Q1,10.0,1,CAMPRAL_LONG_TERM_SUCCESS
Clonazepam,2015-Q3,1.0,1,SUBOXONE_LONG_TERM_SUCCESS
Clonazepam,2016-Q1,9.0,2,CAMPRAL_LONG_TERM_SUCCESS
Clonazepam,2016-Q3,10.0,1,SUBOXONE_LONG_TERM_SUCCESS
Clonazepam,2016-Q4,1.0,2,CAMPRAL_LONG_TERM_SUCCESS
Clonazepam,2017-Q2,10.0,1,CAMPRAL_LONG_TERM_SUCCESS
Clonazepam,2017-Q4,2.5,2,CAMPRAL_LONG_TERM_SUCCESS
Clonidine,2008-Q1,8.5,2,CAMPRAL_LONG_TERM_SUCCESS
Clonidine,2008-Q2,7.0,3,SUBOXONE_LONG_TERM_SUCCESS
Clonidine,2008-Q3,10.0,2,SUBOXONE_LONG_TERM_SUCCESS
Clonidine,2009-Q1,9.0,1,SUBOXONE_LONG_TERM_SUCCESS
Clonidine,2009-Q2,8.5,6,SUBOXONE_LONG_TERM_SUCCESS
Clonidine,2009-Q3,5.0,3,SUBOXONE_LONG_TERM_SUCCESS
Clonidine,2009-Q4,4.5,2,SUBOXONE_LONG_TERM_SUCCESS
Clonidine,2010-Q1,9.0,1,SUBOXONE_LONG_TERM_SUCCESS
Clonidine,2010-Q2,7.5,2,SUBOXONE_LONG_TERM_SUCCESS
Clonidine,2010-Q3,5.5,2,SUBOXONE_LONG_TERM_SUCCESS
Clonidine,2010-Q4,8.0,1,SUBOXONE_LONG_TERM_SUCCESS
Clonidine,2011-Q1,9.0,3,SUBOXONE_LONG_TERM_SUCCESS
Clonidine,2011-Q2,7.0,1,SUBOXONE_LONG_TERM_SUCCESS
Clonidine,2011-Q3,8.0,1,SUBOXONE_LONG_TERM_SUCCESS
Clonidine,2011-Q4,9.0,4,SUBOXONE_LONG_TERM_SUCCESS
Clonidine,2012-Q2,7.0,1,SUBOXONE_LONG_TERM_SUCCESS
Clonidine,2012-Q3,9.0,1,SUBOXONE_LONG_TERM_SUCCESS
Clonidine,2012-Q4,10.0,2,SUBOXONE_LONG_TERM_SUCCESS
Clonidine,2013-Q1,10.0,3,SUBOXONE_LONG_TERM_SUCCESS
Clonidine,2013-Q2,9.5,2,SUBOXONE_LONG_TERM_SUCCESS
Clonidine,2013-Q3,10.0,2,CAMPRAL_LONG_TERM_SUCCESS
Clonidine,2013-Q4,10.0,6,SUBOXONE_LONG_TERM_SUCCESS
Clonidine,2014-Q1,10.0,3,SUBOXONE_LONG_TERM_SUCCESS
Clonidine,2014-Q2,7.0,4,SUBOXONE_LONG_TERM_SUCCESS
Clonidine,2014-Q3,9.0,3,SUBOXONE_LONG_TERM_SUCCESS
Clonidine,2014-Q4,10.0,6,SUBOXONE_LONG_TERM_SUCCESS
Clonidine,2015-Q1,8.5,8,SUBOXONE_LONG_TERM_SUCCESS
Clonidine,2015-Q2,9.0,11,SUBOXONE_LONG_TERM_SUCCESS
Clonidine,2015-Q3,9.0,8,SUBOXONE_LONG_TERM_SUCCESS
Clonidine,2015-Q4,8.0,9,SUBOXONE_LONG_TERM_SUCCESS
Clonidine,2016-Q1,9.0,7,SUBOXONE_LONG_TERM_SUCCESS
Clonidine,2016-Q2,9.0,5,SUBOXONE_LONG_TERM_SUCCESS
Clonidine,2016-Q3,8.0,8,SUBOXONE_LONG_TERM_SUCCESS
Clonidine,2016-Q4,10.0,9,SUBOXONE_LONG_TERM_SUCCESS
Clonidine,2017-Q1,8.0,9,SUBOXONE_LONG_TERM_SUCCESS
Clonidine,2017-Q2,10.0,10,SUBOXONE_LONG_TERM_SUCCESS
Clonidine,2017-Q3,9.0,12,SUBOXONE_LONG_TERM_SUCCESS
Clonidine,2017-Q4,8.0,3,SUBOXONE_LONG_TERM_SUCCESS
Clorazepate,2013-Q2,10.0,1,SUBOXONE_LONG_TERM_SUCCESS
Commit,2008-Q3,8.0,1,CHANTIX_QUICK_SUCCESS_STABLE
Commit,2009-Q2,9.0,2,CHANTIX_QUICK_SUCCESS_STABLE
Commit,2009-Q3,8.0,3,CHANTIX_QUICK_SUCCESS_STABLE
Commit,2010-Q1,10.0,1,NOISE
Commit,2010-Q2,10.0,1,CHANTIX_QUICK_SUCCESS_STABLE
Commit,2010-Q4,9.0,1,CHANTIX_QUICK_SUCCESS_STABLE
Commit,2011-Q2,10.0,1,CHANTIX_QUICK_SUCCESS_STABLE
Commit,2011-Q3,7.0,1,CHANTIX_LONG_TERM_SUCCESS
Commit,2012-Q1,8.0,1,SUBOXONE_LONG_TERM_SUCCESS
Commit,2013-Q1,10.0,1,CHANTIX_LONG_TERM_SUCCESS
Commit,2015-Q3,10.0,1,SUBOXONE_LONG_TERM_SUCCESS
Commit,2016-Q3,9.0,1,CHANTIX_QUICK_SUCCESS_STABLE
Commit,2017-Q1,8.0,1,CHANTIX_QUICK_SUCCESS_STABLE
Commit,2017-Q2,10.0,1,CHANTIX_QUICK_SUCCESS_STABLE
Diazepam,2008-Q1,10.0,1,CAMPRAL_LONG_TERM_SUCCESS
Diazepam,2008-Q2,8.0,1,CAMPRAL_LONG_TERM_SUCCESS
Diazepam,2010-Q1,10.0,1,CAMPRAL_LONG_TERM_SUCCESS
Diazepam,2010-Q2,9.0,1,CAMPRAL_LONG_TERM_SUCCESS
Diazepam,2015-Q1,9.0,1,CAMPRAL_LONG_TERM_SUCCESS
Diazepam,2015-Q3,6.0,1,CAMPRAL_LONG_TERM_SUCCESS
Diazepam,2015-Q4,9.0,1,CAMPRAL_LONG_TERM_SUCCESS
Diazepam,2016-Q3,9.5,2,CAMPRAL_LONG_TERM_SUCCESS
Disulfiram,2008-Q2,8.0,3,CAMPRAL_LONG_TERM_SUCCESS
Disulfiram,2008-Q3,9.0,1,SUBOXONE_LONG_TERM_SUCCESS
Disulfiram,2009-Q2,10.0,2,CAMPRAL_LONG_TERM_SUCCESS
Disulfiram,2009-Q3,9.0,1,CAMPRAL_LONG_TERM_SUCCESS
Disulfiram,2009-Q4,9.0,1,LIBRIUM_ALCOHOL_WITHDRAWAL_DETOX
Disulfiram,2010-Q2,10.0,1,CAMPRAL_LONG_TERM_SUCCESS
Disulfiram,2010-Q3,2.0,1,CAMPRAL_LONG_TERM_SUCCESS
Disulfiram,2011-Q1,10.0,2,CAMPRAL_LONG_TERM_SUCCESS
Disulfiram,2011-Q3,10.0,1,CAMPRAL_LONG_TERM_SUCCESS
Disulfiram,2011-Q4,8.0,3,CAMPRAL_LONG_TERM_SUCCESS
Disulfiram,2012-Q1,9.5,2,CAMPRAL_LONG_TERM_SUCCESS
Disulfiram,2012-Q2,9.0,1,CAMPRAL_LONG_TERM_SUCCESS
Disulfiram,2012-Q3,9.0,1,CAMPRAL_LONG_TERM_SUCCESS
Disulfiram,2013-Q2,9.0,2,CAMPRAL_LONG_TERM_SUCCESS
Disulfiram,2013-Q3,10.0,2,CAMPRAL_LONG_TERM_SUCCESS
Disulfiram,2013-Q4,10.0,1,CAMPRAL_LONG_TERM_SUCCESS
Disulfiram,2014-Q1,10.0,1,CAMPRAL_LONG_TERM_SUCCESS
Disulfiram,2014-Q2,10.0,1,CAMPRAL_LONG_TERM_SUCCESS
Disulfiram,2014-Q3,10.0,1,CAMPRAL_LONG_TERM_SUCCESS
Disulfiram,2014-Q4,10.0,3,CAMPRAL_LONG_TERM_SUCCESS
Disulfiram,2015-Q1,10.0,2,CAMPRAL_LONG_TERM_SUCCESS
Disulfiram,2015-Q2,1.0,2,CAMPRAL_LONG_TERM_SUCCESS
Disulfiram,2015-Q3,9.0,3,CAMPRAL_LONG_TERM_SUCCESS
Disulfiram,2015-Q4,10.0,4,CAMPRAL_LONG_TERM_SUCCESS
Disulfiram,2016-Q1,10.0,3,CAMPRAL_LONG_TERM_SUCCESS
Disulfiram,2016-Q3,6.5,4,CAMPRAL_LONG_TERM_SUCCESS
Disulfiram,2016-Q4,9.5,4,CAMPRAL_LONG_TERM_SUCCESS
Disulfiram,2017-Q1,10.0,3,CAMPRAL_LONG_TERM_SUCCESS
Disulfiram,2017-Q2,10.0,5,CAMPRAL_LONG_TERM_SUCCESS
Disulfiram,2017-Q3,1.0,1,SUBOXONE_LONG_TERM_SUCCESS
Dolophine,2011-Q3,9.0,1,SUBOXONE_LONG_TERM_SUCCESS
Dolophine,2012-Q3,10.0,1,SUBOXONE_LONG_TERM_SUCCESS
Dolophine,2013-Q1,10.0,1,SUBOXONE_LONG_TERM_SUCCESS
Dolophine,2016-Q1,10.0,1,SUBOXONE_LONG_TERM_SUCCESS
Gabapentin,2010-Q4,10.0,1,SUBOXONE_LONG_TERM_SUCCESS
Gabapentin,2011-Q1,9.0,1,CAMPRAL_LONG_TERM_SUCCESS
Gabapentin,2011-Q4,8.0,1,CAMPRAL_LONG_TERM_SUCCESS
Gabapentin,2013-Q2,9.0,3,CAMPRAL_LONG_TERM_SUCCESS
Gabapentin,2015-Q1,9.0,1,CAMPRAL_LONG_TERM_SUCCESS
Gabapentin,2015-Q2,10.0,3,CAMPRAL_LONG_TERM_SUCCESS
Gabapentin,2015-Q3,7.5,2,CAMPRAL_LONG_TERM_SUCCESS
Gabapentin,2015-Q4,10.0,1,LIBRIUM_ALCOHOL_WITHDRAWAL_DETOX
Gabapentin,2016-Q1,9.5,4,CAMPRAL_LONG_TERM_SUCCESS
Gabapentin,2016-Q2,8.5,2,CAMPRAL_LONG_TERM_SUCCESS
Gabapentin,2016-Q3,9.0,1,CAMPRAL_LONG_TERM_SUCCESS
Gabapentin,2016-Q4,7.0,4,CAMPRAL_LONG_TERM_SUCCESS
Gabapentin,2017-Q1,9.5,2,CAMPRAL_LONG_TERM_SUCCESS
Gabapentin,2017-Q4,10.0,4,CAMPRAL_LONG_TERM_SUCCESS
Habitrol,2008-Q4,10.0,1,CHANTIX_QUICK_SUCCESS_STABLE
Habitrol,2013-Q1,10.0,1,CHANTIX_QUICK_SUCCESS_STABLE
Habitrol,2015-Q1,8.0,1,CHANTIX_QUICK_SUCCESS_STABLE
Habitrol,2015-Q4,10.0,1,CHANTIX_QUICK_SUCCESS_STABLE
Habitrol,2016-Q4,4.0,1,SUBOXONE_LONG_TERM_SUCCESS
Habitrol,2017-Q2,7.0,1,SUBOXONE_LONG_TERM_SUCCESS
Klonopin,2008-Q2,9.0,1,SUBOXONE_LONG_TERM_SUCCESS
Klonopin,2010-Q3,8.0,1,CAMPRAL_LONG_TERM_SUCCESS
Klonopin,2011-Q1,9.0,1,CAMPRAL_LONG_TERM_SUCCESS
Leader Nicotine Polacrilex,2016-Q1,2.0,1,CHANTIX_QUICK_SUCCESS_STABLE
Librium,2008-Q4,10.0,1,CAMPRAL_LONG_TERM_SUCCESS
Librium,2009-Q3,10.0,1,NOISE
Librium,2010-Q1,10.0,2,LIBRIUM_ALCOHOL_WITHDRAWAL_DETOX
Librium,2010-Q3,10.0,1,LIBRIUM_ALCOHOL_WITHDRAWAL_DETOX
Librium,2011-Q1,9.5,4,LIBRIUM_ALCOHOL_WITHDRAWAL_DETOX
Librium,2011-Q3,10.0,2,NOISE
Librium,2011-Q4,10.0,3,CAMPRAL_LONG_TERM_SUCCESS
Librium,2012-Q1,10.0,3,CAMPRAL_LONG_TERM_SUCCESS
Librium,2012-Q3,10.0,2,LIBRIUM_ALCOHOL_WITHDRAWAL_DETOX
Librium,2012-Q4,6.0,1,CAMPRAL_LONG_TERM_SUCCESS
Librium,2013-Q1,10.0,1,LIBRIUM_ALCOHOL_WITHDRAWAL_DETOX
Librium,2013-Q2,10.0,2,LIBRIUM_ALCOHOL_WITHDRAWAL_DETOX
Librium,2013-Q4,10.0,3,LIBRIUM_ALCOHOL_WITHDRAWAL_DETOX
Librium,2014-Q1,10.0,4,LIBRIUM_ALCOHOL_WITHDRAWAL_DETOX
Librium,2014-Q3,10.0,4,LIBRIUM_ALCOHOL_WITHDRAWAL_DETOX
Librium,2014-Q4,10.0,4,LIBRIUM_ALCOHOL_WITHDRAWAL_DETOX
Librium,2015-Q1,10.0,2,CAMPRAL_LONG_TERM_SUCCESS
Librium,2015-Q2,10.0,5,LIBRIUM_ALCOHOL_WITHDRAWAL_DETOX
Librium,2015-Q3,10.0,1,LIBRIUM_ALCOHOL_WITHDRAWAL_DETOX
Librium,2015-Q4,9.0,4,LIBRIUM_ALCOHOL_WITHDRAWAL_DETOX
Librium,2016-Q1,10.0,5,LIBRIUM_ALCOHOL_WITHDRAWAL_DETOX
Librium,2016-Q2,9.5,4,LIBRIUM_ALCOHOL_WITHDRAWAL_DETOX
Librium,2016-Q3,10.0,3,LIBRIUM_ALCOHOL_WITHDRAWAL_DETOX
Librium,2016-Q4,10.0,1,LIBRIUM_ALCOHOL_WITHDRAWAL_DETOX
Librium,2017-Q1,10.0,7,LIBRIUM_ALCOHOL_WITHDRAWAL_DETOX
Librium,2017-Q2,10.0,4,LIBRIUM_ALCOHOL_WITHDRAWAL_DETOX
Librium,2017-Q3,10.0,3,LIBRIUM_ALCOHOL_WITHDRAWAL_DETOX
Librium,2017-Q4,9.0,3,LIBRIUM_ALCOHOL_WITHDRAWAL_DETOX
Lioresal,2012-Q4,10.0,1,NOISE
Lioresal,2016-Q3,7.0,1,SUBOXONE_LONG_TERM_SUCCESS
Methadone,2008-Q1,9.5,6,SUBOXONE_LONG_TERM_SUCCESS
Methadone,2008-Q2,10.0,18,SUBOXONE_LONG_TERM_SUCCESS
Methadone,2008-Q3,10.0,15,SUBOXONE_LONG_TERM_SUCCESS
Methadone,2008-Q4,8.0,13,SUBOXONE_LONG_TERM_SUCCESS
Methadone,2009-Q1,10.0,25,SUBOXONE_LONG_TERM_SUCCESS
Methadone,2009-Q2,8.0,15,SUBOXONE_LONG_TERM_SUCCESS
Methadone,2009-Q3,9.0,21,SUBOXONE_LONG_TERM_SUCCESS
Methadone,2009-Q4,10.0,15,SUBOXONE_LONG_TERM_SUCCESS
Methadone,2010-Q1,10.0,7,SUBOXONE_LONG_TERM_SUCCESS
Methadone,2010-Q2,10.0,8,SUBOXONE_LONG_TERM_SUCCESS
Methadone,2010-Q3,10.0,7,SUBOXONE_LONG_TERM_SUCCESS
Methadone,2010-Q4,10.0,7,SUBOXONE_LONG_TERM_SUCCESS
Methadone,2011-Q1,10.0,8,SUBOXONE_LONG_TERM_SUCCESS
Methadone,2011-Q2,10.0,7,SUBOXONE_LONG_TERM_SUCCESS
Methadone,2011-Q3,9.5,14,SUBOXONE_LONG_TERM_SUCCESS
Methadone,2011-Q4,9.5,12,SUBOXONE_LONG_TERM_SUCCESS
Methadone,2012-Q1,10.0,8,SUBOXONE_LONG_TERM_SUCCESS
Methadone,2012-Q2,10.0,4,SUBOXONE_LONG_TERM_SUCCESS
Methadone,2012-Q3,10.0,5,SUBOXONE_LONG_TERM_SUCCESS
Methadone,2012-Q4,10.0,5,SUBOXONE_LONG_TERM_SUCCESS
Methadone,2013-Q1,10.0,11,SUBOXONE_LONG_TERM_SUCCESS
Methadone,2013-Q2,10.0,5,SUBOXONE_LONG_TERM_SUCCESS
Methadone,2013-Q3,10.0,8,SUBOXONE_LONG_TERM_SUCCESS
Methadone,2013-Q4,10.0,4,SUBOXONE_LONG_TERM_SUCCESS
Methadone,2014-Q1,10.0,11,SUBOXONE_LONG_TERM_SUCCESS
Methadone,2014-Q2,9.0,12,SUBOXONE_LONG_TERM_SUCCESS
Methadone,2014-Q3,10.0,13,SUBOXONE_LONG_TERM_SUCCESS
Methadone,2014-Q4,10.0,9,SUBOXONE_LONG_TERM_SUCCESS
Methadone,2015-Q1,10.0,12,SUBOXONE_LONG_TERM_SUCCESS
Methadone,2015-Q2,10.0,10,SUBOXONE_LONG_TERM_SUCCESS
Methadone,2015-Q3,10.0,12,SUBOXONE_LONG_TERM_SUCCESS
Methadone,2015-Q4,9.0,21,SUBOXONE_LONG_TERM_SUCCESS
Methadone,2016-Q1,10.0,22,SUBOXONE_LONG_TERM_SUCCESS
Methadone,2016-Q2,9.0,11,SUBOXONE_LONG_TERM_SUCCESS
Methadone,2016-Q3,10.0,15,SUBOXONE_LONG_TERM_SUCCESS
Methadone,2016-Q4,9.0,14,SUBOXONE_LONG_TERM_SUCCESS
Methadone,2017-Q1,9.0,13,SUBOXONE_LONG_TERM_SUCCESS
Methadone,2017-Q2,10.0,9,SUBOXONE_LONG_TERM_SUCCESS
Methadone,2017-Q3,8.0,3,SUBOXONE_LONG_TERM_SUCCESS
Methadone,2017-Q4,9.0,7,SUBOXONE_LONG_TERM_SUCCESS
Methadone Diskets,2008-Q2,10.0,1,SUBOXONE_LONG_TERM_SUCCESS
Methadone Diskets,2008-Q3,8.0,1,SUBOXONE_LONG_TERM_SUCCESS
Methadone Diskets,2008-Q4,8.0,1,SUBOXONE_LONG_TERM_SUCCESS
Methadone Diskets,2009-Q1,10.0,1,SUBOXONE_LONG_TERM_SUCCESS
Methadone Diskets,2009-Q3,10.0,1,SUBOXONE_LONG_TERM_SUCCESS
Methadone Diskets,2010-Q1,9.0,1,SUBOXONE_LONG_TERM_SUCCESS
Methadone Diskets,2011-Q1,10.0,1,SUBOXONE_LONG_TERM_SUCCESS
Methadone Diskets,2011-Q4,10.0,1,SUBOXONE_LONG_TERM_SUCCESS
Methadone Diskets,2012-Q1,8.0,1,SUBOXONE_LONG_TERM_SUCCESS
Methadone Diskets,2012-Q4,10.0,1,SUBOXONE_LONG_TERM_SUCCESS
Methadone Diskets,2013-Q1,10.0,1,SUBOXONE_LONG_TERM_SUCCESS
Methadone Diskets,2013-Q3,10.0,2,SUBOXONE_LONG_TERM_SUCCESS
Methadone Diskets,2014-Q1,9.0,2,SUBOXONE_LONG_TERM_SUCCESS
Methadone Diskets,2014-Q2,10.0,1,SUBOXONE_LONG_TERM_SUCCESS
Methadone Diskets,2014-Q3,10.0,1,SUBOXONE_LONG_TERM_SUCCESS
Methadone Diskets,2014-Q4,10.0,1,SUBOXONE_LONG_TERM_SUCCESS
Methadone Diskets,2015-Q1,10.0,2,SUBOXONE_LONG_TERM_SUCCESS
Methadone Diskets,2015-Q2,10.0,1,SUBOXONE_LONG_TERM_SUCCESS
Methadone Diskets,2015-Q3,10.0,1,SUBOXONE_LONG_TERM_SUCCESS
Methadone Diskets,2016-Q1,10.0,1,SUBOXONE_LONG_TERM_SUCCESS
Methadone Diskets,2016-Q4,8.0,1,SUBOXONE_LONG_TERM_SUCCESS
Methadone Diskets,2017-Q1,4.0,1,SUBOXONE_LONG_TERM_SUCCESS
Methadone Diskets,2017-Q2,10.0,2,SUBOXONE_LONG_TERM_SUCCESS
Methadone Diskets,2017-Q4,8.0,1,SUBOXONE_LONG_TERM_SUCCESS
Methadose,2008-Q2,8.0,1,SUBOXONE_LONG_TERM_SUCCESS
Methadose,2008-Q4,10.0,1,SUBOXONE_LONG_TERM_SUCCESS
Methadose,2009-Q3,7.5,2,SUBOXONE_LONG_TERM_SUCCESS
Methadose,2009-Q4,7.0,2,SUBOXONE_LONG_TERM_SUCCESS
Methadose,2010-Q1,10.0,1,SUBOXONE_LONG_TERM_SUCCESS
Methadose,2010-Q2,10.0,1,SUBOXONE_LONG_TERM_SUCCESS
Methadose,2010-Q4,10.0,1,SUBOXONE_LONG_TERM_SUCCESS
Methadose,2011-Q3,10.0,1,SUBOXONE_LONG_TERM_SUCCESS
Methadose,2011-Q4,9.0,1,SUBOXONE_LONG_TERM_SUCCESS
Methadose,2012-Q2,10.0,1,SUBOXONE_LONG_TERM_SUCCESS
Methadose,2012-Q4,10.0,1,SUBOXONE_LONG_TERM_SUCCESS
Methadose,2014-Q1,10.0,1,SUBOXONE_LONG_TERM_SUCCESS
Methadose,2014-Q3,9.0,3,SUBOXONE_LONG_TERM_SUCCESS
Methadose,2015-Q1,9.0,1,SUBOXONE_LONG_TERM_SUCCESS
Methadose,2015-Q3,5.0,1,SUBOXONE_LONG_TERM_SUCCESS
Methocarbamol,2009-Q3,7.0,1,SUBOXONE_LONG_TERM_SUCCESS
Methocarbamol,2010-Q3,8.5,2,SUBOXONE_LONG_TERM_SUCCESS
Methocarbamol,2011-Q2,9.0,1,SUBOXONE_LONG_TERM_SUCCESS
Methocarbamol,2012-Q1,9.0,3,SUBOXONE_LONG_TERM_SUCCESS
Methocarbamol,2012-Q3,9.0,1,SUBOXONE_LONG_TERM_SUCCESS
Methocarbamol,2013-Q1,10.0,1,SUBOXONE_LONG_TERM_SUCCESS
Methocarbamol,2015-Q2,8.0,1,SUBOXONE_LONG_TERM_SUCCESS
Methocarbamol,2015-Q4,4.0,2,CAMPRAL_LONG_TERM_SUCCESS
Methocarbamol,2016-Q1,10.0,3,SUBOXONE_LONG_TERM_SUCCESS
Methocarbamol,2016-Q2,10.0,1,SUBOXONE_LONG_TERM_SUCCESS
Methocarbamol,2016-Q4,10.0,1,SUBOXONE_LONG_TERM_SUCCESS
Methocarbamol,2017-Q1,8.0,2,SUBOXONE_LONG_TERM_SUCCESS
Methocarbamol,2017-Q4,8.0,1,SUBOXONE_LONG_TERM_SUCCESS
Methylnaltrexone,2008-Q4,8.0,1,SUBOXONE_LONG_TERM_SUCCESS
Methylnaltrexone,2009-Q3,9.0,1,SUBOXONE_LONG_TERM_SUCCESS
Methylnaltrexone,2009-Q4,9.0,1,SUBOXONE_LONG_TERM_SUCCESS
Methylnaltrexone,2010-Q1,9.0,1,SUBOXONE_LONG_TERM_SUCCESS
Methylnaltrexone,2010-Q2,1.0,1,SUBOXONE_LONG_TERM_SUCCESS
Methylnaltrexone,2010-Q4,10.0,1,SUBOXONE_LONG_TERM_SUCCESS
Methylnaltrexone,2011-Q1,9.0,1,SUBOXONE_LONG_TERM_SUCCESS
Methylnaltrexone,2012-Q3,8.5,2,SUBOXONE_LONG_TERM_SUCCESS
Methylnaltrexone,2013-Q1,9.5,2,SUBOXONE_LONG_TERM_SUCCESS
Methylnaltrexone,2013-Q3,10.0,1,SUBOXONE_LONG_TERM_SUCCESS
Methylnaltrexone,2013-Q4,9.0,2,SUBOXONE_LONG_TERM_SUCCESS
Methylnaltrexone,2014-Q4,10.0,1,SUBOXONE_LONG_TERM_SUCCESS
Methylnaltrexone,2015-Q1,3.0,1,SUBOXONE_LONG_TERM_SUCCESS
Methylnaltrexone,2015-Q2,2.0,3,SUBOXONE_LONG_TERM_SUCCESS
Methylnaltrexone,2015-Q3,4.5,2,SUBOXONE_LONG_TERM_SUCCESS
Methylnaltrexone,2015-Q4,10.0,2,SUBOXONE_LONG_TERM_SUCCESS
Methylnaltrexone,2016-Q1,8.0,2,SUBOXONE_LONG_TERM_SUCCESS
Methylnaltrexone,2016-Q2,1.0,1,SUBOXONE_LONG_TERM_SUCCESS
Methylnaltrexone,2017-Q2,8.0,4,SUBOXONE_LONG_TERM_SUCCESS
Methylnaltrexone,2017-Q3,5.0,3,SUBOXONE_LONG_TERM_SUCCESS
Morphine / naltrexone,2009-Q4,1.0,3,SUBOXONE_LONG_TERM_SUCCESS
Morphine / naltrexone,2010-Q1,5.5,2,SUBOXONE_LONG_TERM_SUCCESS
Morphine / naltrexone,2010-Q2,3.0,1,SUBOXONE_LONG_TERM_SUCCESS
Morphine / naltrexone,2010-Q3,10.0,3,SUBOXONE_LONG_TERM_SUCCESS
Morphine / naltrexone,2010-Q4,9.0,3,SUBOXONE_LONG_TERM_SUCCESS
Morphine / naltrexone,2011-Q1,9.0,3,SUBOXONE_LONG_TERM_SUCCESS
Morphine / naltrexone,2015-Q2,10.0,1,SUBOXONE_LONG_TERM_SUCCESS
Morphine / naltrexone,2016-Q1,1.0,4,SUBOXONE_LONG_TERM_SUCCESS
Morphine / naltrexone,2016-Q2,8.0,1,SUBOXONE_LONG_TERM_SUCCESS
Morphine / naltrexone,2016-Q3,2.5,8,SUBOXONE_LONG_TERM_SUCCESS
Morphine / naltrexone,2016-Q4,9.0,5,SUBOXONE_LONG_TERM_SUCCESS
Morphine / naltrexone,2017-Q2,3.0,3,SUBOXONE_LONG_TERM_SUCCESS
Morphine / naltrexone,2017-Q3,3.0,4,SUBOXONE_LONG_TERM_SUCCESS
Morphine / naltrexone,2017-Q4,1.0,1,SUBOXONE_LONG_TERM_SUCCESS
Naloxone,2014-Q2,10.0,2,SUBOXONE_LONG_TERM_SUCCESS
Naloxone,2015-Q3,10.0,2,SUBOXONE_LONG_TERM_SUCCESS
Naloxone,2016-Q2,10.0,1,SUBOXONE_LONG_TERM_SUCCESS
Naloxone,2016-Q4,9.0,5,SUBOXONE_LONG_TERM_SUCCESS
Naloxone,2017-Q1,10.0,1,SUBOXONE_LONG_TERM_SUCCESS
Naloxone,2017-Q2,7.0,1,SUBOXONE_LONG_TERM_SUCCESS
Naloxone,2017-Q3,10.0,3,SUBOXONE_LONG_TERM_SUCCESS
Naloxone / oxycodone,2015-Q2,8.0,1,SUBOXONE_LONG_TERM_SUCCESS
Naloxone / oxycodone,2017-Q3,1.0,1,SUBOXONE_LONG_TERM_SUCCESS
Naloxone / pentazocine,2008-Q1,8.0,2,SUBOXONE_LONG_TERM_SUCCESS
Naloxone / pentazocine,2008-Q4,10.0,1,SUBOXONE_LONG_TERM_SUCCESS
Naloxone / pentazocine,2009-Q1,8.0,1,SUBOXONE_LONG_TERM_SUCCESS
Naloxone / pentazocine,2009-Q4,1.0,1,SUBOXONE_LONG_TERM_SUCCESS
Naloxone / pentazocine,2010-Q2,9.0,1,SUBOXONE_LONG_TERM_SUCCESS
Naloxone / pentazocine,2010-Q3,8.5,2,SUBOXONE_LONG_TERM_SUCCESS
Naloxone / pentazocine,2011-Q1,8.0,1,SUBOXONE_LONG_TERM_SUCCESS
Naloxone / pentazocine,2011-Q2,7.0,1,SUBOXONE_LONG_TERM_SUCCESS
Naloxone / pentazocine,2011-Q4,10.0,1,SUBOXONE_LONG_TERM_SUCCESS
Naloxone / pentazocine,2012-Q2,2.0,1,SUBOXONE_LONG_TERM_SUCCESS
Naloxone / pentazocine,2012-Q3,1.0,1,SUBOXONE_LONG_TERM_SUCCESS
Naloxone / pentazocine,2013-Q4,10.0,1,SUBOXONE_LONG_TERM_SUCCESS
Naloxone / pentazocine,2014-Q1,10.0,3,SUBOXONE_LONG_TERM_SUCCESS
Naloxone / pentazocine,2017-Q1,5.0,2,SUBOXONE_LONG_TERM_SUCCESS
Naltrexone,2008-Q2,9.0,3,CAMPRAL_LONG_TERM_SUCCESS
Naltrexone,2008-Q4,9.5,2,CAMPRAL_LONG_TERM_SUCCESS
Naltrexone,2009-Q1,10.0,1,SUBOXONE_LONG_TERM_SUCCESS
Naltrexone,2009-Q2,10.0,1,CAMPRAL_LONG_TERM_SUCCESS
Naltrexone,2009-Q4,1.0,1,SUBOXONE_LONG_TERM_SUCCESS
Naltrexone,2010-Q1,8.0,1,CAMPRAL_LONG_TERM_SUCCESS
Naltrexone,2011-Q2,10.0,1,CAMPRAL_LONG_TERM_SUCCESS
Naltrexone,2011-Q3,10.0,3,SUBOXONE_LONG_TERM_SUCCESS
Naltrexone,2011-Q4,9.0,2,CAMPRAL_LONG_TERM_SUCCESS
Naltrexone,2012-Q2,8.5,2,SUBOXONE_LONG_TERM_SUCCESS
Naltrexone,2012-Q3,8.0,1,VIVITROL_LONG_TERM_SUCCESS
Naltrexone,2012-Q4,10.0,3,CAMPRAL_LONG_TERM_SUCCESS
Naltrexone,2013-Q1,9.5,2,CAMPRAL_LONG_TERM_SUCCESS
Naltrexone,2013-Q2,9.0,3,CAMPRAL_LONG_TERM_SUCCESS
Naltrexone,2013-Q3,10.0,3,CAMPRAL_LONG_TERM_SUCCESS
Naltrexone,2013-Q4,8.5,4,CAMPRAL_LONG_TERM_SUCCESS
Naltrexone,2014-Q1,9.0,3,CAMPRAL_LONG_TERM_SUCCESS
Naltrexone,2014-Q2,9.5,6,SUBOXONE_LONG_TERM_SUCCESS
Naltrexone,2014-Q3,8.5,2,CAMPRAL_LONG_TERM_SUCCESS
Naltrexone,2014-Q4,6.0,1,SUBOXONE_LONG_TERM_SUCCESS
Naltrexone,2015-Q1,10.0,15,VIVITROL_LONG_TERM_SUCCESS
Naltrexone,2015-Q2,10.0,7,CAMPRAL_LONG_TERM_SUCCESS
Naltrexone,2015-Q3,7.5,12,SUBOXONE_LONG_TERM_SUCCESS
Naltrexone,2015-Q4,10.0,11,VIVITROL_LONG_TERM_SUCCESS
Naltrexone,2016-Q1,8.0,14,VIVITROL_LONG_TERM_SUCCESS
Naltrexone,2016-Q2,9.0,12,VIVITROL_LONG_TERM_SUCCESS
Naltrexone,2016-Q3,10.0,19,CAMPRAL_LONG_TERM_SUCCESS
Naltrexone,2016-Q4,10.0,25,CAMPRAL_LONG_TERM_SUCCESS
Naltrexone,2017-Q1,10.0,21,CAMPRAL_LONG_TERM_SUCCESS
Naltrexone,2017-Q2,9.0,18,CAMPRAL_LONG_TERM_SUCCESS
Naltrexone,2017-Q3,9.0,25,CAMPRAL_LONG_TERM_SUCCESS
Naltrexone,2017-Q4,10.0,9,CAMPRAL_LONG_TERM_SUCCESS
Narcan Injection,2014-Q2,10.0,2,SUBOXONE_LONG_TERM_SUCCESS
Narcan Injection,2015-Q3,10.0,1,SUBOXONE_LONG_TERM_SUCCESS
Narcan Injection,2016-Q2,10.0,1,SUBOXONE_LONG_TERM_SUCCESS
Narcan Injection,2016-Q4,8.0,3,SUBOXONE_LONG_TERM_SUCCESS
Neurontin,2010-Q4,10.0,1,SUBOXONE_LONG_TERM_SUCCESS
Neurontin,2011-Q1,9.0,1,CAMPRAL_LONG_TERM_SUCCESS
Nicoderm CQ,2008-Q3,10.0,1,NOISE
Nicoderm CQ,2008-Q4,10.0,1,CHANTIX_QUICK_SUCCESS_STABLE
Nicoderm CQ,2009-Q1,8.0,3,CHANTIX_QUICK_SUCCESS_STABLE
Nicoderm CQ,2009-Q2,9.0,1,NOISE
Nicoderm CQ,2009-Q4,10.0,1,NOISE
Nicoderm CQ,2013-Q1,10.0,1,CHANTIX_QUICK_SUCCESS_STABLE
Nicoderm CQ,2014-Q1,8.0,1,CHANTIX_QUICK_SUCCESS_STABLE
Nicoderm CQ,2014-Q4,6.0,1,SUBOXONE_LONG_TERM_SUCCESS
Nicoderm CQ,2015-Q1,10.0,5,CHANTIX_QUICK_SUCCESS_STABLE
Nicoderm CQ,2015-Q2,8.0,2,CHANTIX_QUICK_SUCCESS_STABLE
Nicoderm CQ,2015-Q3,9.0,3,CHANTIX_QUICK_SUCCESS_STABLE
Nicoderm CQ,2015-Q4,9.5,2,CHANTIX_QUICK_SUCCESS_STABLE
Nicoderm CQ,2016-Q1,10.0,2,CHANTIX_QUICK_SUCCESS_STABLE
Nicoderm CQ,2016-Q2,10.0,2,CHANTIX_QUICK_SUCCESS_STABLE
Nicoderm CQ,2016-Q4,9.0,3,CHANTIX_QUICK_SUCCESS_STABLE
Nicoderm CQ,2017-Q1,10.0,8,CHANTIX_QUICK_SUCCESS_STABLE
Nicoderm CQ,2017-Q2,10.0,1,CHANTIX_QUICK_SUCCESS_STABLE
Nicoderm CQ,2017-Q3,10.0,3,CHANTIX_QUICK_SUCCESS_STABLE
Nicorette,2011-Q2,9.0,1,CHANTIX_QUICK_SUCCESS_STABLE
Nicorette,2011-Q3,10.0,1,CHANTIX_QUICK_SUCCESS_STABLE
Nicorette,2011-Q4,8.5,2,CHANTIX_QUICK_SUCCESS_STABLE
Nicorette,2014-Q1,10.0,1,CHANTIX_QUICK_SUCCESS_STABLE
Nicorette,2014-Q2,3.0,1,SUBOXONE_LONG_TERM_SUCCESS
Nicorette,2015-Q1,10.0,2,CHANTIX_QUICK_SUCCESS_STABLE
Nicorette,2015-Q2,10.0,1,CHANTIX_QUICK_SUCCESS_STABLE
Nicorette,2015-Q3,3.0,1,CHANTIX_QUICK_SUCCESS_STABLE
Nicorette,2017-Q1,1.0,1,CHANTIX_QUICK_SUCCESS_STABLE
Nicorette,2017-Q4,10.0,1,CHANTIX_QUICK_SUCCESS_STABLE
Nicotine,2008-Q2,7.0,1,SUBOXONE_LONG_TERM_SUCCESS
Nicotine,2008-Q3,8.0,3,CHANTIX_QUICK_SUCCESS_STABLE
Nicotine,2008-Q4,10.0,3,CHANTIX_QUICK_SUCCESS_STABLE
Nicotine,2009-Q1,8.5,6,CHANTIX_QUICK_SUCCESS_STABLE
Nicotine,2009-Q2,10.0,6,CHANTIX_QUICK_SUCCESS_STABLE
Nicotine,2009-Q3,9.0,4,CHANTIX_QUICK_SUCCESS_STABLE
Nicotine,2009-Q4,10.0,3,CHANTIX_QUICK_SUCCESS_STABLE
Nicotine,2010-Q1,10.0,1,NOISE
Nicotine,2010-Q2,10.0,2,CHANTIX_QUICK_SUCCESS_STABLE
Nicotine,2010-Q3,10.0,1,CHANTIX_QUICK_SUCCESS_STABLE
Nicotine,2010-Q4,9.0,1,CHANTIX_QUICK_SUCCESS_STABLE
Nicotine,2011-Q2,10.0,3,CHANTIX_QUICK_SUCCESS_STABLE
Nicotine,2011-Q3,10.0,4,CHANTIX_QUICK_SUCCESS_STABLE
Nicotine,2011-Q4,8.5,2,CHANTIX_QUICK_SUCCESS_STABLE
Nicotine,2012-Q1,8.0,1,SUBOXONE_LONG_TERM_SUCCESS
Nicotine,2012-Q3,10.0,1,CHANTIX_LONG_TERM_SUCCESS
Nicotine,2013-Q1,10.0,3,CHANTIX_QUICK_SUCCESS_STABLE
Nicotine,2013-Q4,9.0,2,CHANTIX_QUICK_SUCCESS_STABLE
Nicotine,2014-Q1,9.0,2,CHANTIX_QUICK_SUCCESS_STABLE
Nicotine,2014-Q2,6.5,2,CHANTIX_QUICK_SUCCESS_STABLE
Nicotine,2014-Q3,8.5,2,CHANTIX_QUICK_SUCCESS_STABLE
Nicotine,2014-Q4,6.0,1,SUBOXONE_LONG_TERM_SUCCESS
Nicotine,2015-Q1,10.0,10,CHANTIX_QUICK_SUCCESS_STABLE
Nicotine,2015-Q2,10.0,4,CHANTIX_QUICK_SUCCESS_STABLE
Nicotine,2015-Q3,8.0,6,CHANTIX_QUICK_SUCCESS_STABLE
Nicotine,2015-Q4,9.5,4,CHANTIX_QUICK_SUCCESS_STABLE
Nicotine,2016-Q1,10.0,4,CHANTIX_QUICK_SUCCESS_STABLE
Nicotine,2016-Q2,10.0,5,CHANTIX_QUICK_SUCCESS_STABLE
Nicotine,2016-Q3,9.0,1,CHANTIX_QUICK_SUCCESS_STABLE
Nicotine,2016-Q4,7.0,8,CHANTIX_QUICK_SUCCESS_STABLE
Nicotine,2017-Q1,9.0,13,CHANTIX_QUICK_SUCCESS_STABLE
Nicotine,2017-Q2,10.0,3,CHANTIX_QUICK_SUCCESS_STABLE
Nicotine,2017-Q3,10.0,3,CHANTIX_QUICK_SUCCESS_STABLE
Nicotine,2017-Q4,9.5,2,CHANTIX_QUICK_SUCCESS_STABLE
Nicotrol Inhaler,2008-Q2,7.0,1,SUBOXONE_LONG_TERM_SUCCESS
Nicotrol Inhaler,2008-Q4,10.0,1,CHANTIX_QUICK_SUCCESS_STABLE
Nicotrol Inhaler,2009-Q1,6.0,2,CHANTIX_QUICK_SUCCESS_STABLE
Nicotrol Inhaler,2009-Q2,10.0,3,CHANTIX_QUICK_SUCCESS_STABLE
Nicotrol Inhaler,2009-Q4,9.0,2,CHANTIX_QUICK_SUCCESS_STABLE
Nicotrol Inhaler,2010-Q2,10.0,1,CHANTIX_QUICK_SUCCESS_STABLE
Nicotrol Inhaler,2010-Q3,10.0,1,CHANTIX_QUICK_SUCCESS_STABLE
Nicotrol Inhaler,2013-Q4,8.0,1,CHANTIX_QUICK_SUCCESS_STABLE
Nicotrol Inhaler,2015-Q1,6.0,1,CHANTIX_QUICK_SUCCESS_STABLE
Nicotrol Inhaler,2015-Q2,10.0,1,CHANTIX_QUICK_SUCCESS_STABLE
Nicotrol Inhaler,2015-Q4,9.0,1,CHANTIX_QUICK_SUCCESS_STABLE
Nicotrol Inhaler,2016-Q1,10.0,1,CHANTIX_QUICK_SUCCESS_STABLE
Nicotrol Inhaler,2016-Q2,7.5,2,CHANTIX_QUICK_SUCCESS_STABLE
Nicotrol Inhaler,2016-Q4,5.5,2,CHANTIX_QUICK_SUCCESS_STABLE
Nicotrol Inhaler,2017-Q1,7.0,1,CHANTIX_QUICK_SUCCESS_STABLE
Nicotrol NS,2012-Q3,10.0,1,CHANTIX_LONG_TERM_SUCCESS
Nicotrol NS,2017-Q1,2.5,2,CHANTIX_QUICK_SUCCESS_3
Nortriptyline,2009-Q1,10.0,1,CHANTIX_QUICK_SUCCESS_STABLE
Nortriptyline,2010-Q2,9.0,1,CHANTIX_QUICK_SUCCESS_STABLE
Nortriptyline,2015-Q3,10.0,1,CHANTIX_QUICK_SUCCESS_STABLE
Nortriptyline,2016-Q4,9.0,1,CHANTIX_QUICK_SUCCESS_STABLE
Ondansetron,2017-Q2,7.0,1,CAMPRAL_LONG_TERM_SUCCESS
Oxazepam,2010-Q3,8.5,2,CAMPRAL_LONG_TERM_SUCCESS
Oxazepam,2012-Q2,9.0,1,CAMPRAL_LONG_TERM_SUCCESS
Pamelor,2009-Q1,10.0,1,CHANTIX_QUICK_SUCCESS_STABLE
Pamelor,2010-Q2,9.0,1,CHANTIX_QUICK_SUCCESS_STABLE
Phenergan,2009-Q2,1.0,1,SUBOXONE_LONG_TERM_SUCCESS
Phenergan,2011-Q4,9.0,1,SUBOXONE_LONG_TERM_SUCCESS
Phenergan,2012-Q1,10.0,1,SUBOXONE_LONG_TERM_SUCCESS
Phenergan,2013-Q2,9.0,1,SUBOXONE_LONG_TERM_SUCCESS
Phenergan,2015-Q1,10.0,1,SUBOXONE_LONG_TERM_SUCCESS
Phenergan,2017-Q4,10.0,1,SUBOXONE_LONG_TERM_SUCCESS
Promethazine,2009-Q2,1.0,1,SUBOXONE_LONG_TERM_SUCCESS
Promethazine,2011-Q4,9.0,1,SUBOXONE_LONG_TERM_SUCCESS
Promethazine,2012-Q1,10.0,1,SUBOXONE_LONG_TERM_SUCCESS
Promethazine,2013-Q2,9.0,1,SUBOXONE_LONG_TERM_SUCCESS
Promethazine,2015-Q1,10.0,1,SUBOXONE_LONG_TERM_SUCCESS
Promethazine,2016-Q1,10.0,1,SUBOXONE_LONG_TERM_SUCCESS
Promethazine,2017-Q4,10.0,1,SUBOXONE_LONG_TERM_SUCCESS
Revia,2008-Q2,8.0,1,CAMPRAL_LONG_TERM_SUCCESS
Revia,2008-Q4,10.0,1,CAMPRAL_LONG_TERM_SUCCESS
Revia,2011-Q4,9.0,1,CAMPRAL_LONG_TERM_SUCCESS
Revia,2013-Q1,9.0,1,SUBOXONE_LONG_TERM_SUCCESS
Revia,2013-Q3,10.0,1,CAMPRAL_LONG_TERM_SUCCESS
Revia,2015-Q2,9.0,1,CAMPRAL_LONG_TERM_SUCCESS
Revia,2016-Q4,10.0,1,SUBOXONE_LONG_TERM_SUCCESS
Robaxin,2012-Q1,5.0,1,SUBOXONE_LONG_TERM_SUCCESS
Robaxin,2012-Q3,9.0,1,SUBOXONE_LONG_TERM_SUCCESS
Robaxin,2015-Q2,8.0,1,SUBOXONE_LONG_TERM_SUCCESS
Robaxin,2015-Q4,4.0,2,CAMPRAL_LONG_TERM_SUCCESS
Robaxin,2016-Q1,10.0,1,SUBOXONE_LONG_TERM_SUCCESS
Robaxin-750,2010-Q3,10.0,1,SUBOXONE_LONG_TERM_SUCCESS
Robaxin-750,2012-Q1,9.5,2,SUBOXONE_LONG_TERM_SUCCESS
Serax,2010-Q3,8.5,2,CAMPRAL_LONG_TERM_SUCCESS
Suboxone,2008-Q1,10.0,7,SUBOXONE_LONG_TERM_SUCCESS
Suboxone,2008-Q2,10.0,15,SUBOXONE_LONG_TERM_SUCCESS
Suboxone,2008-Q3,10.0,13,SUBOXONE_LONG_TERM_SUCCESS
Suboxone,2008-Q4,9.0,11,SUBOXONE_LONG_TERM_SUCCESS
Suboxone,2009-Q1,10.0,25,SUBOXONE_LONG_TERM_SUCCESS
Suboxone,2009-Q2,10.0,19,SUBOXONE_LONG_TERM_SUCCESS
Suboxone,2009-Q3,9.5,36,SUBOXONE_LONG_TERM_SUCCESS
Suboxone,2009-Q4,10.0,24,SUBOXONE_LONG_TERM_SUCCESS
Suboxone,2010-Q1,10.0,17,SUBOXONE_LONG_TERM_SUCCESS
Suboxone,2010-Q2,10.0,13,SUBOXONE_LONG_TERM_SUCCESS
Suboxone,2010-Q3,10.0,13,SUBOXONE_LONG_TERM_SUCCESS
Suboxone,2010-Q4,10.0,17,SUBOXONE_LONG_TERM_SUCCESS
Suboxone,2011-Q1,10.0,15,SUBOXONE_LONG_TERM_SUCCESS
Suboxone,2011-Q2,10.0,9,SUBOXONE_LONG_TERM_SUCCESS
Suboxone,2011-Q3,9.5,10,SUBOXONE_LONG_TERM_SUCCESS
Suboxone,2011-Q4,10.0,7,SUBOXONE_LONG_TERM_SUCCESS
Suboxone,2012-Q1,10.0,3,SUBOXONE_LONG_TERM_SUCCESS
Suboxone,2012-Q2,9.0,7,SUBOXONE_LONG_TERM_SUCCESS
Suboxone,2012-Q3,10.0,9,SUBOXONE_LONG_TERM_SUCCESS
Suboxone,2012-Q4,10.0,5,SUBOXONE_LONG_TERM_SUCCESS
Suboxone,2013-Q1,10.0,10,SUBOXONE_LONG_TERM_SUCCESS
Suboxone,2013-Q2,10.0,9,SUBOXONE_LONG_TERM_SUCCESS
Suboxone,2013-Q3,10.0,11,SUBOXONE_LONG_TERM_SUCCESS
Suboxone,2013-Q4,9.5,10,SUBOXONE_LONG_TERM_SUCCESS
Suboxone,2014-Q1,10.0,11,SUBOXONE_LONG_TERM_SUCCESS
Suboxone,2014-Q2,10.0,11,SUBOXONE_LONG_TERM_SUCCESS
Suboxone,2014-Q3,10.0,6,SUBOXONE_LONG_TERM_SUCCESS
Suboxone,2014-Q4,10.0,12,SUBOXONE_LONG_TERM_SUCCESS
Suboxone,2015-Q1,10.0,10,SUBOXONE_LONG_TERM_SUCCESS
Suboxone,2015-Q2,10.0,13,SUBOXONE_LONG_TERM_SUCCESS
Suboxone,2015-Q3,10.0,11,SUBOXONE_LONG_TERM_SUCCESS
Suboxone,2015-Q4,9.0,10,SUBOXONE_LONG_TERM_SUCCESS
Suboxone,2016-Q1,9.0,18,SUBOXONE_LONG_TERM_SUCCESS
Suboxone,2016-Q2,9.5,12,SUBOXONE_LONG_TERM_SUCCESS
Suboxone,2016-Q3,9.5,10,SUBOXONE_LONG_TERM_SUCCESS
Suboxone,2016-Q4,9.0,7,SUBOXONE_LONG_TERM_SUCCESS
Suboxone,2017-Q1,10.0,11,SUBOXONE_LONG_TERM_SUCCESS
Suboxone,2017-Q2,8.0,11,SUBOXONE_LONG_TERM_SUCCESS
Suboxone,2017-Q3,3.0,3,SUBOXONE_LONG_TERM_SUCCESS
Suboxone,2017-Q4,9.5,4,SUBOXONE_LONG_TERM_SUCCESS
Subutex,2008-Q1,8.0,1,SUBOXONE_LONG_TERM_SUCCESS
Subutex,2008-Q2,10.0,1,SUBOXONE_LONG_TERM_SUCCESS
Subutex,2008-Q3,9.5,2,SUBOXONE_LONG_TERM_SUCCESS
Subutex,2008-Q4,10.0,1,SUBOXONE_LONG_TERM_SUCCESS
Subutex,2009-Q1,10.0,1,SUBOXONE_LONG_TERM_SUCCESS
Subutex,2009-Q2,10.0,3,SUBOXONE_LONG_TERM_SUCCESS
Subutex,2009-Q3,9.0,3,SUBOXONE_LONG_TERM_SUCCESS
Subutex,2009-Q4,10.0,2,SUBOXONE_LONG_TERM_SUCCESS
Subutex,2010-Q1,9.0,2,SUBOXONE_LONG_TERM_SUCCESS
Subutex,2010-Q2,10.0,5,SUBOXONE_LONG_TERM_SUCCESS
Subutex,2010-Q3,10.0,4,SUBOXONE_LONG_TERM_SUCCESS
Subutex,2010-Q4,10.0,1,SUBOXONE_LONG_TERM_SUCCESS
Subutex,2011-Q1,10.0,3,SUBOXONE_LONG_TERM_SUCCESS
Subutex,2011-Q2,8.5,4,SUBOXONE_LONG_TERM_SUCCESS
Subutex,2011-Q4,10.0,1,SUBOXONE_LONG_TERM_SUCCESS
Subutex,2012-Q1,9.5,4,SUBOXONE_LONG_TERM_SUCCESS
Subutex,2012-Q2,9.0,3,SUBOXONE_LONG_TERM_SUCCESS
Subutex,2012-Q4,10.0,1,SUBOXONE_LONG_TERM_SUCCESS
Subutex,2013-Q1,10.0,3,SUBOXONE_LONG_TERM_SUCCESS
Subutex,2013-Q2,9.0,3,SUBOXONE_LONG_TERM_SUCCESS
Subutex,2013-Q3,9.0,2,SUBOXONE_LONG_TERM_SUCCESS
Subutex,2013-Q4,8.0,1,SUBOXONE_LONG_TERM_SUCCESS
Subutex,2014-Q1,9.5,2,SUBOXONE_LONG_TERM_SUCCESS
Subutex,2014-Q3,10.0,3,SUBOXONE_LONG_TERM_SUCCESS
Subutex,2014-Q4,10.0,1,SUBOXONE_LONG_TERM_SUCCESS
Subutex,2015-Q1,10.0,5,SUBOXONE_LONG_TERM_SUCCESS
Subutex,2015-Q2,10.0,4,SUBOXONE_LONG_TERM_SUCCESS
Subutex,2015-Q3,6.0,2,SUBOXONE_LONG_TERM_SUCCESS
Subutex,2015-Q4,7.0,3,SUBOXONE_LONG_TERM_SUCCESS
Subutex,2016-Q1,8.0,4,SUBOXONE_LONG_TERM_SUCCESS
Subutex,2016-Q2,9.5,2,SUBOXONE_LONG_TERM_SUCCESS
Subutex,2016-Q3,10.0,1,SUBOXONE_LONG_TERM_SUCCESS
Subutex,2016-Q4,7.0,1,SUBOXONE_LONG_TERM_SUCCESS
Subutex,2017-Q1,10.0,1,SUBOXONE_LONG_TERM_SUCCESS
Subutex,2017-Q3,9.0,1,SUBOXONE_LONG_TERM_SUCCESS
Subutex,2017-Q4,10.0,1,SUBOXONE_LONG_TERM_SUCCESS
Topamax,2015-Q4,2.0,1,NOISE
Topiramate,2015-Q4,2.0,1,NOISE
Tramadol,2014-Q3,10.0,1,SUBOXONE_LONG_TERM_SUCCESS
Tramadol,2015-Q3,1.0,1,SUBOXONE_LONG_TERM_SUCCESS
Tranxene,2013-Q2,10.0,1,SUBOXONE_LONG_TERM_SUCCESS
Valium,2008-Q2,8.0,1,CAMPRAL_LONG_TERM_SUCCESS
Valium,2010-Q1,10.0,1,CAMPRAL_LONG_TERM_SUCCESS
Valium,2010-Q2,9.0,1,CAMPRAL_LONG_TERM_SUCCESS
Valium,2015-Q1,9.0,1,CAMPRAL_LONG_TERM_SUCCESS
Valium,2015-Q3,6.0,1,CAMPRAL_LONG_TERM_SUCCESS
Valium,2015-Q4,9.0,1,CAMPRAL_LONG_TERM_SUCCESS
Valium,2016-Q3,9.0,1,CAMPRAL_LONG_TERM_SUCCESS
Varenicline,2008-Q1,9.0,11,CHANTIX_QUICK_SUCCESS_3
Varenicline,2008-Q2,9.0,10,CHANTIX_LONG_TERM_SUCCESS
Varenicline,2008-Q3,10.0,9,CHANTIX_QUICK_SUCCESS_3
Varenicline,2008-Q4,10.0,14,CHANTIX_LONG_TERM_SUCCESS
Varenicline,2009-Q1,9.0,20,CHANTIX_QUICK_SUCCESS_3
Varenicline,2009-Q2,9.0,24,CHANTIX_QUICK_SUCCESS_3
Varenicline,2009-Q3,9.0,31,NOISE
Varenicline,2009-Q4,9.0,28,CHANTIX_QUICK_SUCCESS_3
Varenicline,2010-Q1,9.0,15,CHANTIX_QUICK_SUCCESS_STABLE
Varenicline,2010-Q2,9.0,8,CHANTIX_QUICK_SUCCESS_3
Varenicline,2010-Q3,9.0,7,CHANTIX_QUICK_SUCCESS_3
Varenicline,2010-Q4,9.0,8,CHANTIX_QUICK_SUCCESS_3
Varenicline,2011-Q1,9.0,8,NOISE
Varenicline,2011-Q2,10.0,17,CHANTIX_QUICK_SUCCESS_3
Varenicline,2011-Q3,9.0,24,CHANTIX_QUICK_SUCCESS_3
Varenicline,2011-Q4,9.0,20,CHANTIX_QUICK_SUCCESS_3
Varenicline,2012-Q1,10.0,26,CHANTIX_QUICK_SUCCESS_3
Varenicline,2012-Q2,10.0,15,CHANTIX_QUICK_SUCCESS_3
Varenicline,2012-Q3,10.0,15,CHANTIX_LONG_TERM_SUCCESS
Varenicline,2012-Q4,10.0,17,CHANTIX_LONG_TERM_SUCCESS
Varenicline,2013-Q1,10.0,18,CHANTIX_QUICK_SUCCESS_3
Varenicline,2013-Q2,10.0,15,CHANTIX_LONG_TERM_SUCCESS
Varenicline,2013-Q3,10.0,25,CHANTIX_QUICK_SUCCESS_3
Varenicline,2013-Q4,10.0,32,CHANTIX_LONG_TERM_SUCCESS
Varenicline,2014-Q1,10.0,33,CHANTIX_QUICK_SUCCESS_2
Varenicline,2014-Q2,10.0,22,CHANTIX_QUICK_SUCCESS_2
Varenicline,2014-Q3,10.0,12,CHANTIX_QUICK_SUCCESS_3
Varenicline,2014-Q4,10.0,36,CHANTIX_QUICK_SUCCESS_3
Varenicline,2015-Q1,10.0,59,CHANTIX_LONG_TERM_SUCCESS
Varenicline,2015-Q2,10.0,51,CHANTIX_QUICK_SUCCESS
Varenicline,2015-Q3,10.0,54,CHANTIX_LONG_TERM_SUCCESS
Varenicline,2015-Q4,10.0,58,CHANTIX_QUICK_SUCCESS_2
Varenicline,2016-Q1,10.0,93,CHANTIX_QUICK_SUCCESS
Varenicline,2016-Q2,10.0,38,CHANTIX_QUICK_SUCCESS_3
Varenicline,2016-Q3,10.0,49,CHANTIX_QUICK_SUCCESS
Varenicline,2016-Q4,10.0,43,CHANTIX_LONG_TERM_SUCCESS
Varenicline,2017-Q1,10.0,43,CHANTIX_QUICK_SUCCESS
Varenicline,2017-Q2,10.0,26,CHANTIX_QUICK_SUCCESS
Varenicline,2017-Q3,9.0,37,CHANTIX_QUICK_SUCCESS_STABLE
Varenicline,2017-Q4,9.0,19,CHANTIX_LONG_TERM_SUCCESS
Vivitrol,2008-Q2,9.0,1,VIVITROL_LONG_TERM_SUCCESS
Vivitrol,2008-Q4,9.0,1,CAMPRAL_LONG_TERM_SUCCESS
Vivitrol,2011-Q3,10.0,1,CAMPRAL_LONG_TERM_SUCCESS
Vivitrol,2011-Q4,9.0,1,VIVITROL_LONG_TERM_SUCCESS
Vivitrol,2012-Q2,10.0,1,VIVITROL_LONG_TERM_SUCCESS
Vivitrol,2012-Q3,8.0,1,VIVITROL_LONG_TERM_SUCCESS
Vivitrol,2014-Q1,7.0,1,VIVITROL_LONG_TERM_SUCCESS
Vivitrol,2014-Q2,9.0,3,VIVITROL_LONG_TERM_SUCCESS
Vivitrol,2014-Q3,7.0,1,VIVITROL_LONG_TERM_SUCCESS
Vivitrol,2014-Q4,6.0,1,SUBOXONE_LONG_TERM_SUCCESS
Vivitrol,2015-Q1,10.0,9,VIVITROL_LONG_TERM_SUCCESS
Vivitrol,2015-Q2,9.0,3,VIVITROL_LONG_TERM_SUCCESS
Vivitrol,2015-Q3,3.0,5,VIVITROL_LONG_TERM_SUCCESS
Vivitrol,2015-Q4,10.0,5,VIVITROL_LONG_TERM_SUCCESS
Vivitrol,2016-Q1,8.0,6,VIVITROL_LONG_TERM_SUCCESS
Vivitrol,2016-Q2,10.0,7,VIVITROL_LONG_TERM_SUCCESS
Vivitrol,2016-Q3,10.0,8,VIVITROL_LONG_TERM_SUCCESS
Vivitrol,2016-Q4,10.0,7,VIVITROL_LONG_TERM_SUCCESS
Vivitrol,2017-Q1,9.5,6,VIVITROL_LONG_TERM_SUCCESS
Vivitrol,2017-Q2,10.0,7,VIVITROL_LONG_TERM_SUCCESS
Vivitrol,2017-Q3,9.5,8,VIVITROL_LONG_TERM_SUCCESS
Vivitrol,2017-Q4,10.0,1,VIVITROL_LONG_TERM_SUCCESS
Zubsolv,2014-Q2,9.0,1,NOISE
Zubsolv,2014-Q3,9.5,2,NOISE
Zubsolv,2014-Q4,9.5,2,NOISE
Zubsolv,2015-Q1,9.0,1,NOISE
Zubsolv,2015-Q2,7.0,5,NOISE
Zubsolv,2015-Q3,8.5,2,NOISE
Zubsolv,2016-Q1,10.0,4,NOISE
Zubsolv,2016-Q2,3.5,2,NOISE
Zubsolv,2016-Q3,9.0,2,NOISE
Zubsolv,2016-Q4,10.0,9,NOISE
Zubsolv,2017-Q1,2.0,9,NOISE
Zubsolv,2017-Q2,2.0,10,NOISE
Zubsolv,2017-Q3,7.0,3,NOISE
Zubsolv,2017-Q4,10.0,1,NOISE
Zyban,2008-Q3,9.0,1,ZYBAN_QUICK_SUCCESS
Zyban,2009-Q2,9.0,1,ZYBAN_QUICK_SUCCESS
Zyban,2009-Q3,9.0,1,ZYBAN_QUICK_SUCCESS
Zyban,2010-Q3,5.0,2,CHANTIX_QUICK_SUCCESS_STABLE
Zyban,2010-Q4,9.0,1,ZYBAN_QUICK_SUCCESS
Zyban,2011-Q1,10.0,3,CHANTIX_QUICK_SUCCESS_STABLE
Zyban,2011-Q3,10.0,1,ZYBAN_QUICK_SUCCESS
Zyban,2011-Q4,9.0,2,ZYBAN_QUICK_SUCCESS
Zyban,2012-Q1,10.0,3,ZYBAN_QUICK_SUCCESS
Zyban,2012-Q2,9.0,2,ZYBAN_QUICK_SUCCESS
Zyban,2013-Q1,10.0,2,CHANTIX_QUICK_SUCCESS_2
Zyban,2013-Q3,10.0,1,CHANTIX_QUICK_SUCCESS_STABLE
Zyban,2013-Q4,10.0,1,ZYBAN_QUICK_SUCCESS
Zyban,2014-Q1,10.0,1,ZYBAN_QUICK_SUCCESS
Zyban,2014-Q3,10.0,4,ZYBAN_QUICK_SUCCESS
Zyban,2014-Q4,10.0,4,ZYBAN_QUICK_SUCCESS
Zyban,2015-Q1,10.0,1,ZYBAN_QUICK_SUCCESS
Zyban,2015-Q2,10.0,6,ZYBAN_QUICK_SUCCESS
Zyban,2015-Q3,10.0,2,ZYBAN_QUICK_SUCCESS
Zyban,2015-Q4,6.0,3,ZYBAN_QUICK_SUCCESS
Zyban,2016-Q1,10.0,6,ZYBAN_QUICK_SUCCESS
Zyban,2016-Q2,10.0,5,ZYBAN_QUICK_SUCCESS
Zyban,2016-Q3,10.0,3,ZYBAN_QUICK_SUCCESS
Zyban,2016-Q4,6.0,5,CHANTIX_QUICK_SUCCESS_STABLE
Zyban,2017-Q1,10.0,9,ZYBAN_QUICK_SUCCESS
Zyban,2017-Q2,9.0,3,ZYBAN_QUICK_SUCCESS
Zyban,2017-Q3,5.5,2,ZYBAN_QUICK_SUCCESS
Zyban,2017-Q4,9.0,4,ZYBAN_QUICK_SUCCESS
